Record_Time,Year,Gender,Difficulty_Falling_Asleep,Sleep_Hours_Total,Waking_Up_During_Night,Overall_Sleep_Quality,Sleep_Impact_on_Concentration,Daytime_Fatigue,Sleep_Impact_on_Attendance,Sleep_Impact_on_Deadlines,Phone_Usage_Before_Sleep,Caffeine_Intake,Exercise_Frequency,Academic_Stress_Level,GPA_Rating,Academic_Burnout_Score,Sleep_Hygiene_Risk,Stress_Predicted
10/24/2024 16:51:15,4,0,3,7.5,3,4,2,3,3,2,3,1,2,2,3,4,9,1.8161706824400188
10/24/2024 16:51:51,3,0,3,7.5,3,4,3,2,2,3,2,2,2,1,4,9,6,1.8914799657491832
10/24/2024 16:52:21,1,1,2,7.5,2,4,3,3,2,3,3,3,3,2,2,9,6,2.152480565363536
10/24/2024 16:53:00,3,0,3,8.5,2,2,3,3,1,1,2,2,4,3,5,3,6,2.191863805062333
10/24/2024 16:53:25,4,0,3,7.5,3,5,4,2,2,2,2,2,3,1,3,8,6,1.9250212123533341
10/24/2024 16:53:53,2,0,3,7.5,3,5,2,1,2,1,2,3,1,2,2,2,6,1.7166114637117638
10/24/2024 16:54:24,3,0,2,7.5,3,4,2,3,2,1,1,1,0,0,4,2,2,1.3738127655865313
10/24/2024 16:54:50,3,0,3,8.5,4,4,4,2,3,2,3,1,1,1,4,8,9,1.8829580971871556
10/24/2024 16:55:18,3,0,3,8.5,3,3,2,1,1,2,1,1,2,3,3,4,3,1.9206332697845137
10/24/2024 16:56:33,3,0,4,8.5,4,5,4,4,4,2,3,2,3,2,1,8,12,2.442781167094639
10/24/2024 16:57:04,2,1,3,7.5,4,2,3,2,4,3,2,3,2,2,3,9,6,1.9603058257979742
10/24/2024 16:58:21,3,0,3,8.5,3,4,3,2,4,3,2,4,2,2,3,9,6,1.9498686803503702
10/24/2024 16:58:40,2,0,3,7.5,3,2,1,2,2,1,0,1,2,1,3,1,0,1.668794992938569
10/24/2024 16:59:52,2,1,3,6.5,2,4,3,2,2,3,2,3,2,2,2,9,6,2.086319941426423
10/24/2024 17:00:21,2,0,2,8.5,3,3,4,2,3,2,3,1,1,2,4,8,6,1.81626150747372
10/24/2024 17:00:26,4,0,2,4.5,2,4,3,3,3,3,3,3,3,2,1,9,6,2.191190927505639
10/24/2024 17:00:50,1,0,3,8.5,2,3,1,0,2,2,2,1,3,1,4,2,6,1.6946731319356865
10/24/2024 17:01:57,3,0,3,7.5,4,3,3,2,3,3,3,3,3,2,2,9,9,2.2140275577160917
10/24/2024 17:02:23,2,0,2,6.5,3,4,1,2,2,2,2,2,2,2,3,2,4,1.6096921060611595
10/24/2024 17:03:24,3,0,4,8.5,4,4,1,2,1,2,2,2,2,1,3,2,8,1.7435141913839283
10/24/2024 17:03:46,1,0,4,7.5,1,3,2,1,2,2,1,2,2,2,5,4,4,1.7647789621118883
10/24/2024 17:04:15,3,0,3,7.5,3,4,3,3,1,2,3,1,2,2,2,6,9,1.9987046585885337
10/24/2024 17:04:15,4,0,1,4.5,1,3,2,2,1,1,1,1,1,1,3,2,1,1.547478054010764
10/24/2024 17:06:35,2,0,3,7.5,4,4,3,2,3,2,3,3,2,3,4,6,9,1.8246688372113695
10/24/2024 17:07:01,1,0,3,7.5,2,4,0,2,1,2,1,3,3,2,4,0,3,1.676078318869976
10/24/2024 17:07:29,2,0,1,6.5,1,2,3,3,2,0,1,1,1,1,5,0,1,1.4866855849467515
10/24/2024 17:08:29,4,0,4,8.5,3,5,3,2,2,3,2,4,3,2,3,9,8,2.0162775972805913
10/24/2024 17:08:59,2,1,3,8.5,3,4,2,3,3,1,3,1,3,2,2,2,9,2.0167078130233573
10/24/2024 17:10:05,3,0,2,7.5,2,4,2,3,3,2,3,2,2,2,3,4,6,1.7556113414230472
10/24/2024 17:12:15,2,1,3,7.5,4,3,3,1,3,2,2,3,2,2,4,6,6,1.7919415647546422
10/24/2024 17:12:40,2,1,2,7.5,3,4,3,2,3,3,1,3,3,1,3,9,2,1.9269032892767899
10/24/2024 17:14:18,3,0,3,7.5,3,4,2,1,2,2,2,3,2,2,2,4,6,1.896188048771904
10/24/2024 17:15:03,3,0,3,7.5,2,3,3,2,2,1,3,2,3,1,3,3,9,1.7941393868415119
10/24/2024 17:15:43,3,1,3,7.5,2,3,2,4,3,2,3,1,3,1,4,4,9,1.7782551359412748
10/24/2024 17:16:11,2,0,3,6.5,3,2,3,2,3,2,3,3,2,2,3,6,9,1.963396249272946
10/24/2024 17:16:38,3,0,2,7.5,2,3,2,3,3,2,3,3,3,1,4,4,6,1.757698870302272
10/24/2024 17:17:51,4,1,4,7.5,3,4,3,4,3,3,3,3,3,2,2,9,12,2.3714854360034896
10/24/2024 17:18:37,2,1,3,7.5,3,4,2,3,2,2,3,2,3,2,3,4,9,1.8063550653298943
10/24/2024 17:20:16,3,0,3,6.5,2,3,3,3,3,3,3,3,2,3,3,9,9,2.0446072256985572
10/24/2024 17:20:38,3,1,3,7.5,2,3,2,3,1,3,2,2,2,1,3,6,6,1.8507657914781488
10/24/2024 17:21:01,3,0,4,8.5,4,3,3,2,3,1,3,1,3,2,3,3,12,1.8962725800948512
10/24/2024 17:21:24,3,1,3,4.5,3,3,2,2,3,2,3,3,4,1,3,4,9,2.143951680830424
10/24/2024 17:27:58,3,0,3,8.5,3,5,3,3,2,3,3,2,2,3,2,9,9,2.2282114406302282
10/24/2024 17:29:00,3,0,3,7.5,3,4,3,2,3,3,3,2,2,3,1,9,9,2.1737927489447517
10/24/2024 17:30:27,3,1,3,7.5,4,4,3,1,4,2,3,2,3,2,2,6,9,2.0616659399785915
10/24/2024 17:31:18,3,1,4,8.5,3,4,2,3,2,3,3,3,2,2,3,6,12,1.9854286194660116
10/24/2024 17:31:43,3,0,4,8.5,4,2,2,2,4,3,2,3,2,2,3,6,8,1.9434433227512715
10/24/2024 17:32:11,2,0,3,8.5,3,4,2,2,3,3,3,3,3,1,2,6,9,2.0560799609327494
10/24/2024 17:32:36,3,1,3,7.5,2,4,3,1,3,3,3,2,3,2,3,9,9,2.0419111989255527
10/24/2024 17:36:59,3,1,3,7.5,4,5,3,4,2,2,1,1,3,1,3,6,3,1.8603072532602332
10/24/2024 17:37:27,3,1,3,7.5,3,1,2,3,3,2,3,3,3,3,2,4,9,2.258495436268131
10/24/2024 17:38:22,3,1,2,7.5,3,4,3,2,2,2,3,3,4,3,2,6,6,2.550712840468964
10/24/2024 17:42:05,3,1,2,3.5,4,5,4,3,3,3,3,4,4,3,1,12,6,2.680553096776795
10/24/2024 17:44:40,2,1,4,8.5,3,3,3,3,2,2,3,2,3,1,1,6,12,2.1525224931497666
10/24/2024 17:45:17,3,0,3,7.5,2,4,3,3,3,2,3,3,2,3,1,6,9,1.983579113752233
10/24/2024 17:45:42,3,0,2,7.5,3,3,3,3,2,4,2,3,3,3,1,12,4,2.3104333793004277
10/24/2024 17:50:09,3,0,3,7.5,3,3,3,3,3,2,2,2,2,1,1,6,6,1.9609638259323585
10/24/2024 17:50:35,3,1,4,8.5,4,3,3,3,4,3,4,2,3,1,1,9,16,2.379987825004976
10/24/2024 17:50:59,2,0,3,7.5,2,3,3,2,3,3,2,3,2,2,1,9,6,2.106158184083191
10/24/2024 17:53:05,3,0,3,8.5,3,4,2,2,3,3,3,3,3,2,1,6,9,2.055477123524679
10/24/2024 17:53:28,3,1,3,7.5,3,3,3,3,2,3,2,3,3,2,1,9,6,2.1921534522303467
10/24/2024 17:57:22,3,1,3,8.5,4,5,4,3,3,2,2,3,3,2,1,8,6,2.17643542427607
10/24/2024 17:57:48,2,1,3,7.5,4,2,1,2,1,2,2,2,2,2,1,2,6,1.965608252953754
10/24/2024 18:02:23,3,0,2,7.5,1,2,1,1,1,1,1,1,1,1,1,1,2,1.6426161698101194
10/24/2024 18:02:48,2,0,4,7.5,3,4,1,1,1,2,2,1,1,2,1,2,8,1.7766616749914048
10/24/2024 18:03:13,4,0,3,7.5,3,2,2,2,1,2,2,2,2,2,1,4,6,2.037638465939509
10/24/2024 18:03:45,2,0,3,7.5,4,5,2,3,2,3,2,2,3,2,1,6,6,2.0420482229209616
10/24/2024 18:04:13,3,0,3,7.5,3,4,2,2,3,3,3,3,3,2,1,6,9,2.0610631025705213
10/24/2024 18:05:24,4,0,4,8.5,4,5,2,4,2,3,2,3,2,2,1,6,8,1.990739410446964
10/24/2024 18:06:00,4,0,2,7.5,3,3,2,3,3,3,3,3,3,2,1,6,6,2.0629682073169495
10/24/2024 18:11:45,4,0,4,7.5,4,4,4,3,3,2,3,3,3,1,1,8,12,2.3545058706755126
10/24/2024 18:12:27,3,0,3,7.5,4,5,1,2,3,2,3,3,3,2,1,2,9,2.038408847419137
10/24/2024 18:12:45,3,0,0,4.5,2,4,3,2,1,3,1,2,3,2,1,9,0,2.147420181816442
10/24/2024 18:13:32,3,1,2,6.5,3,4,1,2,2,1,2,2,3,2,2,1,4,1.8416311949929887
10/24/2024 18:17:08,4,0,4,7.5,1,5,2,3,3,1,1,2,3,2,1,2,4,1.8425766375586472
10/24/2024 18:17:57,2,0,3,8.5,4,3,1,2,1,1,3,2,2,1,1,1,9,1.9783734084540614
10/24/2024 18:18:17,4,1,4,7.5,4,5,3,3,3,4,3,3,3,2,2,12,12,2.568422470070343
10/24/2024 18:18:41,3,1,4,7.5,3,4,3,3,3,3,3,3,3,1,2,9,12,2.3714854360034896
10/24/2024 18:19:06,4,0,2,7.5,4,5,4,3,2,3,2,2,2,1,2,12,4,2.0603041193965734
10/24/2024 18:19:23,4,0,3,7.5,3,3,2,3,3,3,1,3,2,2,2,6,3,1.9763680610722014
10/24/2024 18:19:58,1,0,3,7.5,3,4,1,1,0,4,3,2,4,2,2,4,9,2.422845372447681
10/24/2024 18:20:21,4,1,3,7.5,4,4,3,4,3,1,1,2,2,1,2,3,3,1.722151272044848
10/24/2024 18:20:41,4,0,4,6.5,3,4,3,3,4,3,2,3,2,0,1,9,8,2.125600410088037
10/24/2024 18:21:30,1,0,3,7.5,3,4,4,2,3,1,3,1,3,2,1,4,9,2.0405475085104126
10/24/2024 18:22:03,3,1,3,7.5,4,2,2,4,3,1,2,3,0,2,2,2,6,1.8104128163801556
10/24/2024 18:22:22,1,1,4,8.5,4,2,2,2,1,1,1,1,1,0,1,2,4,1.6188450303353008
10/24/2024 18:22:26,3,1,4,7.5,3,3,2,3,3,4,3,3,1,2,1,8,12,2.2474075744515494
10/24/2024 18:22:51,3,1,4,7.5,3,4,2,4,3,2,3,2,3,2,2,4,12,2.084011566201694
10/24/2024 18:23:09,3,0,4,7.5,3,3,3,3,2,3,3,2,4,2,2,9,12,2.5329409330914334
10/24/2024 18:23:51,3,1,3,6.5,2,4,2,3,4,2,3,3,3,1,3,4,9,1.7963160111727623
10/24/2024 18:24:47,4,1,3,6.5,3,4,2,3,1,3,3,3,4,2,1,6,9,2.5031452429954304
10/24/2024 18:25:43,4,1,4,8.5,3,4,3,2,4,2,3,3,3,2,2,6,12,2.1243902644939796
10/24/2024 18:26:17,3,0,3,8.5,4,5,3,4,3,2,2,3,3,3,2,6,6,2.0385607847632556
10/24/2024 18:26:44,4,0,3,7.5,4,5,3,3,4,1,1,1,2,0,1,3,3,1.7132314788683498
10/24/2024 18:27:03,3,0,2,7.5,4,3,0,1,2,1,2,1,1,2,3,0,4,1.4895408768564515
10/24/2024 18:27:21,4,0,1,8.5,3,5,1,1,1,2,2,2,3,2,1,2,2,1.976133500690369
10/24/2024 18:27:39,1,0,3,7.5,4,5,1,0,2,1,3,2,3,3,2,1,9,2.0293555164401913
10/24/2024 18:27:57,3,1,3,7.5,2,5,4,2,2,2,3,3,2,2,2,8,9,2.119664987068211
10/24/2024 18:28:30,3,1,2,7.5,3,5,4,2,2,2,3,3,2,1,2,8,6,1.9965625768754653
10/24/2024 18:28:49,4,0,1,7.5,4,5,2,3,4,3,3,3,4,1,1,6,3,2.3883043993353077
10/24/2024 18:29:15,4,1,1,7.5,2,4,3,3,1,3,3,1,3,2,2,9,3,2.060288774068698
10/24/2024 18:29:45,3,0,3,8.5,3,3,3,2,4,3,2,4,2,2,1,9,6,2.1297815206518
10/24/2024 18:30:09,4,0,3,7.5,3,3,3,3,1,1,1,2,2,2,1,3,3,1.8834369766675458
10/24/2024 18:30:32,3,0,2,6.5,3,5,1,2,2,1,2,2,2,1,2,1,4,1.6622974349852766
10/24/2024 18:30:53,3,0,2,7.5,3,5,2,3,1,3,3,2,3,2,2,6,6,2.034074733067696
10/24/2024 18:31:12,4,1,2,8.5,4,2,1,2,3,2,4,1,1,3,1,2,8,1.91446400140345
10/24/2024 18:31:34,3,1,2,7.5,4,5,3,2,2,4,3,3,3,2,2,12,6,2.266091485979483
10/24/2024 18:31:52,4,1,3,7.5,2,4,4,1,1,4,2,2,3,2,1,16,6,2.391236597559727
10/24/2024 18:32:46,3,1,1,8.5,3,5,3,2,3,4,3,3,3,0,2,12,3,2.1758343940177904
10/24/2024 18:34:23,4,1,2,8.5,3,3,1,1,3,2,2,2,2,2,4,2,4,1.5862601943465882
10/24/2024 18:34:47,3,1,3,8.5,3,3,3,3,3,1,2,4,2,2,1,3,6,1.960554766064137
10/24/2024 19:29:34,3,1,3,7.5,3,5,4,4,4,3,3,3,3,3,1,12,9,2.4826093512333784
10/24/2024 19:30:35,4,1,4,7.5,4,3,4,2,4,3,3,4,3,1,1,12,12,2.4882860915527685
10/24/2024 19:30:52,3,0,3,7.5,4,3,2,2,3,3,3,3,4,3,2,6,9,2.450001272937279
10/24/2024 19:31:12,4,1,4,8.5,3,5,3,4,3,3,3,4,3,3,1,9,12,2.4895176814467055
10/24/2024 19:33:02,4,0,4,8.5,4,4,3,2,4,2,3,4,3,2,2,6,12,2.1243902644939796
10/24/2024 19:33:38,4,0,3,7.5,3,4,4,3,3,2,2,3,3,2,1,8,6,2.1646106535720917
10/24/2024 19:34:01,3,0,4,7.5,3,5,3,3,4,3,3,3,4,1,1,9,12,2.5944517042754427
10/24/2024 19:34:44,4,0,3,8.5,4,5,3,3,4,4,2,2,3,0,1,12,6,2.41446212032336
10/24/2024 19:35:16,3,1,4,7.5,4,5,2,2,3,4,2,4,2,2,1,8,8,2.0447034574426466
10/24/2024 19:36:18,4,1,3,8.5,4,4,4,4,2,3,2,3,4,2,2,12,6,2.6581145233503456
10/24/2024 19:36:37,2,1,4,8.5,4,4,3,4,4,1,3,4,2,2,1,3,12,1.994513508841812
10/24/2024 19:36:55,2,1,0,7.5,3,4,3,3,2,1,4,3,2,2,1,3,0,1.7820543938948545
10/24/2024 19:37:16,4,1,3,8.5,4,4,4,4,4,3,3,4,3,3,1,12,9,2.4987627618168453
10/24/2024 19:38:52,3,0,4,7.5,2,5,3,4,3,2,3,3,4,2,1,6,12,2.502277083259677
10/24/2024 19:39:15,3,0,3,7.5,4,4,3,3,4,4,2,4,2,3,2,12,6,2.2089210482177575
10/24/2024 19:39:38,4,1,3,8.5,3,4,3,4,2,1,2,2,4,3,1,3,6,2.4756324536778602
10/24/2024 19:40:05,4,0,3,7.5,4,4,2,2,3,3,4,3,4,1,2,6,12,2.5091268719915187
10/24/2024 19:40:29,3,1,3,8.5,3,5,3,4,4,3,3,3,4,1,1,9,9,2.6442209249618416
10/24/2024 19:41:29,4,1,2,7.5,4,5,4,4,1,3,3,4,4,3,1,12,6,2.673226183989209
10/24/2024 19:41:52,3,1,4,7.5,3,4,1,2,3,1,3,3,2,2,1,1,12,1.9619755276554725
10/24/2024 19:43:37,2,0,3,7.5,4,5,3,3,3,3,3,2,4,2,2,9,9,2.635960368665414
10/24/2024 19:44:02,4,1,4,8.5,4,4,2,2,2,3,3,1,3,2,2,6,12,2.1243902644939796
10/24/2024 19:45:11,3,1,3,7.5,3,3,2,3,3,2,1,2,3,2,2,4,3,2.118677048468332
10/24/2024 19:46:57,4,1,3,8.5,2,5,2,2,2,2,2,1,3,1,2,4,6,2.023487390830495
10/24/2024 19:48:09,3,0,3,8.5,3,4,3,3,3,3,3,4,3,2,2,9,9,2.2272065929767373
10/24/2024 19:50:06,3,0,4,7.5,4,4,3,3,3,2,2,3,2,1,1,6,8,1.9636014870264344
10/24/2024 19:50:39,3,1,2,7.5,3,4,3,1,3,4,3,3,3,2,2,12,6,2.2671670802793793
10/24/2024 19:53:54,4,0,3,8.5,4,5,3,4,4,3,3,3,4,2,3,9,9,2.586356978600271
10/24/2024 19:55:34,3,0,3,8.5,3,3,3,2,2,2,1,3,2,1,2,6,3,1.9942769232595199
10/24/2024 19:56:15,3,1,3,7.5,2,4,3,3,3,2,3,3,2,2,1,6,9,1.983579113752233
10/24/2024 19:56:35,3,1,3,8.5,4,4,3,2,3,2,2,4,4,2,2,6,6,2.539800053729703
10/24/2024 19:59:55,3,0,3,7.5,3,3,2,2,3,2,3,2,2,2,2,4,9,2.071617334095877
10/24/2024 20:00:33,4,0,2,7.5,3,4,2,2,3,3,2,2,3,1,2,6,4,1.9038996993692137
10/24/2024 20:01:31,3,0,4,7.5,2,5,3,2,3,2,3,3,3,2,2,6,12,2.1878034115607887
10/24/2024 20:15:00,4,1,4,8.5,4,5,4,3,3,2,1,2,2,2,2,8,4,1.888515031414794
10/24/2024 20:15:20,4,1,2,7.5,4,5,0,1,2,2,3,2,2,3,2,0,6,1.8645121596136303
10/24/2024 20:16:39,4,0,4,7.5,3,4,2,3,2,2,3,3,3,2,2,4,12,2.084011566201694
10/24/2024 20:17:36,4,1,2,7.5,3,5,4,3,3,3,2,1,2,1,3,12,4,1.9456146134989991
10/24/2024 20:18:00,3,0,4,7.5,3,4,3,2,3,3,1,3,3,1,1,9,4,2.0919093529290675
10/24/2024 20:20:46,3,1,3,7.5,3,5,3,4,4,3,3,4,3,3,1,9,9,2.268623474042481
10/24/2024 20:31:06,4,0,4,8.5,4,5,3,3,3,1,2,2,3,2,1,3,8,2.0511274858149062
10/24/2024 20:31:33,3,1,3,7.5,2,4,4,4,3,2,3,3,3,3,2,8,9,2.221381696085562
10/24/2024 20:32:06,2,1,3,8.5,4,4,2,4,2,2,3,4,3,2,1,4,9,2.0425439470469877
10/24/2024 20:35:16,4,0,3,7.5,3,4,3,3,3,3,3,2,2,2,2,9,9,2.173933123277179
10/24/2024 20:36:31,3,0,4,7.5,4,4,2,2,0,3,3,3,3,2,2,6,12,2.1290030519400176
10/24/2024 20:37:39,4,0,3,8.5,3,4,2,3,3,3,3,2,3,2,1,6,9,2.055477123524679
10/24/2024 20:41:20,4,1,3,8.5,4,5,3,3,2,3,3,3,3,2,2,9,9,2.263937903201797
10/24/2024 20:44:28,3,1,3,8.5,3,5,3,3,2,2,4,3,3,2,2,6,12,2.1831906241147503
10/24/2024 20:44:47,4,1,4,8.5,3,4,4,4,4,4,2,3,4,3,2,16,8,2.793216018632405
10/24/2024 20:45:15,3,1,2,7.5,3,4,3,4,3,3,3,3,3,3,1,9,6,2.191190927505639
10/24/2024 20:46:44,3,0,3,7.5,3,4,4,3,3,3,4,3,2,2,1,12,12,2.4612961394766746
10/24/2024 20:49:24,3,1,3,7.5,3,4,2,4,3,4,3,3,2,2,1,8,9,2.0893428590156597
10/24/2024 23:42:01,4,0,3,7.5,3,4,3,3,2,3,3,3,2,1,1,9,9,2.1737927489447517
10/25/2024 13:58:07,4,0,4,7.5,4,4,2,3,3,3,1,2,2,1,1,6,4,1.7537132137929234
10/25/2024 14:00:04,4,0,4,8.5,4,4,4,3,4,4,3,3,3,3,1,16,12,2.6102984678734926
10/25/2024 14:00:29,2,0,3,8.5,4,5,4,4,4,3,4,3,4,2,1,12,12,2.7196095136681886
10/25/2024 14:01:05,3,0,3,8.5,3,4,4,3,4,4,4,4,4,2,1,16,12,2.8199177122278427
10/25/2024 14:01:23,4,0,4,8.5,3,4,3,4,3,4,3,4,4,3,2,12,12,2.6509973716899213
10/25/2024 14:07:54,4,0,4,8.5,4,4,3,4,3,3,3,3,3,2,1,9,12,2.383479921515076
10/25/2024 14:08:24,4,0,4,8.5,4,5,4,4,4,3,3,3,3,3,1,12,12,2.65178156048069
10/25/2024 14:11:59,4,1,3,8.5,3,5,4,4,3,4,4,3,4,3,1,16,12,2.8512768465386586
10/25/2024 14:14:18,3,0,4,8.5,4,4,3,3,3,4,3,3,3,1,1,12,12,2.537402663136631
10/25/2024 14:14:49,3,0,3,8.5,4,5,2,4,3,3,3,3,3,2,1,6,9,2.0933952128002167
10/25/2024 14:15:45,4,0,0,8.5,3,5,3,3,3,4,4,3,4,3,2,12,0,2.553361358907901
10/25/2024 14:21:35,3,1,3,7.5,4,5,4,4,3,3,4,4,3,3,1,12,12,2.623650337474662
10/25/2024 14:23:22,4,0,3,7.5,3,4,4,4,4,4,3,4,4,3,1,16,9,2.7018711330944583
10/25/2024 14:23:41,4,0,4,7.5,4,5,4,3,4,4,3,4,4,3,1,16,12,2.6756512154946264
10/25/2024 14:24:53,4,0,4,8.5,4,5,4,3,4,3,3,3,3,3,1,12,12,2.65178156048069
10/25/2024 14:26:34,4,0,3,7.5,4,4,4,4,4,2,4,3,3,3,1,8,12,2.3545058706755126
10/25/2024 14:27:36,4,0,3,8.5,4,5,3,4,3,4,4,4,4,2,1,12,12,2.7196095136681886
10/25/2024 14:28:44,4,0,4,7.5,3,5,3,4,4,4,3,3,3,3,1,12,12,2.623650337474662
10/25/2024 14:30:26,4,0,4,7.5,3,5,3,4,3,3,3,3,3,3,1,9,12,2.4904794849535183
10/25/2024 14:31:38,4,0,3,8.5,4,4,3,3,3,3,3,3,3,2,2,9,9,2.2272065929767373
10/25/2024 14:32:08,4,0,3,7.5,3,5,3,3,3,4,3,3,4,2,1,12,9,2.611426928245042
10/25/2024 14:32:40,3,0,4,7.5,4,4,3,3,3,3,3,3,3,2,2,9,12,2.3714854360034896
10/25/2024 14:33:25,3,0,3,8.5,4,5,3,3,3,3,4,4,3,2,2,9,12,2.4776269137516684
10/25/2024 14:34:24,4,0,4,7.5,3,4,3,3,3,3,3,3,3,3,1,9,12,2.3817923743725378
10/25/2024 14:34:46,3,0,3,7.5,4,5,4,3,4,4,4,4,4,2,1,16,12,2.6756512154946264
10/25/2024 14:35:31,4,0,4,7.5,3,4,3,4,3,3,3,3,3,3,1,9,12,2.3817923743725378
10/25/2024 14:35:55,4,0,4,7.5,3,5,4,4,4,4,3,3,3,2,1,16,12,2.6614984167322233
10/25/2024 14:36:26,3,1,3,7.5,4,5,3,3,4,4,3,3,4,2,1,12,9,2.611426928245042
10/25/2024 14:36:51,4,1,3,8.5,3,5,4,4,4,4,4,3,4,2,1,16,12,2.8512768465386586
10/25/2024 14:38:50,4,0,3,7.5,3,5,4,4,4,4,4,3,3,3,1,16,12,2.6614984167322233
10/25/2024 14:39:09,3,0,3,8.5,4,4,3,3,4,3,3,3,4,3,1,9,9,2.6707127461990865
10/25/2024 14:39:43,3,0,3,7.5,4,5,3,4,4,3,3,4,3,3,2,9,9,2.2549086403309158
10/25/2024 14:40:03,3,1,3,7.5,3,4,3,2,4,3,3,4,4,3,1,9,9,2.6636923769490046
10/25/2024 14:40:26,3,0,4,8.5,4,5,3,4,3,3,3,3,4,3,2,9,12,2.646626021186063
10/25/2024 14:41:05,3,0,3,7.5,3,5,4,4,4,4,3,4,4,2,1,16,9,2.6812503213252246
10/25/2024 14:44:33,4,0,3,7.5,3,5,4,4,3,3,3,4,3,3,1,12,9,2.4826093512333784
10/25/2024 14:45:02,4,0,4,8.5,3,5,4,3,4,3,3,3,3,3,1,12,12,2.65178156048069
10/25/2024 14:45:46,4,0,3,8.5,4,4,4,2,3,3,3,3,3,2,1,12,9,2.4987627618168453
10/25/2024 14:46:59,4,1,4,8.5,4,5,3,3,4,4,3,4,4,3,1,12,12,2.7196095136681886
10/25/2024 14:51:35,4,0,4,8.5,3,5,4,4,3,3,2,3,3,2,2,12,8,2.3234547334575693
10/25/2024 14:53:03,4,1,3,7.5,4,5,3,3,3,3,3,3,3,2,1,9,9,2.268623474042481
10/25/2024 15:00:28,4,0,4,8.5,3,5,3,3,3,3,3,3,3,3,1,9,12,2.4895176814467055
10/25/2024 15:02:22,4,1,3,7.5,3,4,3,4,4,4,4,4,4,3,1,12,12,2.6681873271268968
10/25/2024 15:05:08,4,0,3,8.5,4,5,3,3,2,3,3,4,4,3,1,9,9,2.6442209249618416
10/25/2024 15:05:59,4,0,4,8.5,3,4,4,4,4,4,3,3,4,3,1,16,12,2.8199177122278427
10/25/2024 15:06:32,4,0,4,7.5,3,5,4,4,3,4,2,4,4,3,2,16,8,2.788161542958483
10/25/2024 15:06:50,4,0,3,7.5,3,5,4,4,4,3,4,3,4,3,1,12,12,2.622843146826924
10/25/2024 15:07:28,4,1,3,7.5,4,5,4,4,3,3,3,4,3,3,1,12,9,2.4826093512333784
10/25/2024 15:08:42,4,0,3,8.5,4,4,3,4,4,4,3,4,4,2,1,12,9,2.651240460629006
10/25/2024 15:09:52,4,1,3,8.5,4,5,4,4,2,3,3,4,4,3,1,12,9,2.6428531307233487
10/25/2024 15:16:46,4,1,4,8.5,4,5,2,3,3,3,3,3,3,3,1,6,12,2.1878074249495745
10/25/2024 16:58:40,4,1,4,8.5,4,5,4,4,3,4,3,4,4,3,2,16,12,2.8426231268580437
10/25/2024 17:38:08,4,1,3,8.5,4,5,3,4,4,3,4,3,4,3,1,9,12,2.7088677585996184
10/25/2024 17:40:37,4,0,3,8.5,3,5,4,4,4,4,4,4,4,3,1,16,12,2.8512768465386586
10/25/2024 17:41:11,4,1,4,8.5,4,5,4,4,4,4,3,4,4,3,1,16,12,2.8512768465386586
10/25/2024 18:02:32,3,1,3,7.5,3,5,4,3,4,4,4,4,4,2,1,16,12,2.6756512154946264
10/25/2024 18:04:04,4,0,4,8.5,4,4,3,4,4,4,3,3,3,3,1,12,12,2.537402663136631
10/25/2024 18:04:24,4,0,3,8.5,4,5,4,4,3,4,4,3,4,3,2,16,12,2.8426231268580437
10/25/2024 19:54:43,4,0,4,8.5,4,5,4,4,4,4,3,4,4,3,1,16,12,2.8512768465386586
10/25/2024 21:10:07,4,0,3,7.5,4,5,3,4,3,4,3,3,3,2,1,12,9,2.4826093512333784
10/26/2024 7:52:34,4,0,3,8.5,4,5,3,3,4,4,4,2,3,2,2,12,12,2.576626630260386
10/26/2024 7:53:36,4,0,3,8.5,4,5,3,4,3,3,4,4,4,3,2,9,12,2.646626021186063
10/26/2024 7:53:56,3,0,4,8.5,4,5,3,4,4,4,3,4,3,2,1,12,12,2.65178156048069
10/26/2024 7:54:50,4,0,4,8.5,4,5,3,4,3,3,3,4,4,2,1,9,12,2.7088677585996184
10/26/2024 7:57:08,4,0,3,7.5,4,4,3,4,3,4,4,3,4,3,1,12,12,2.6681873271268968
10/26/2024 7:58:01,4,0,4,8.5,4,4,4,4,4,3,3,3,4,3,1,12,12,2.719456215933218
10/26/2024 7:58:59,4,0,4,8.5,4,5,2,3,3,3,3,3,4,3,1,6,12,2.5842888232702097
10/26/2024 8:02:44,4,0,4,8.5,3,4,4,4,4,4,3,3,4,3,1,16,12,2.8199177122278427
10/26/2024 8:03:07,3,0,4,8.5,4,5,3,3,3,3,3,3,3,2,1,9,12,2.4895176814467055
10/26/2024 8:03:45,4,0,4,8.5,4,5,4,4,3,4,3,4,3,3,1,16,12,2.7237335593824405
10/26/2024 8:07:04,4,0,4,7.5,4,5,4,4,3,3,3,4,3,3,1,12,12,2.623650337474662
10/26/2024 8:07:34,4,0,4,8.5,3,5,4,4,3,4,3,4,4,3,1,16,12,2.8512768465386586
10/26/2024 8:08:49,4,0,4,8.5,3,5,4,4,4,4,3,4,4,3,2,16,12,2.8426231268580437
10/26/2024 8:32:28,4,0,4,8.5,3,5,4,4,4,4,3,4,4,3,1,16,12,2.8512768465386586
10/26/2024 8:33:27,4,0,4,7.5,4,4,4,4,4,4,3,3,3,3,2,16,12,2.539347958686584
10/26/2024 8:50:52,4,0,4,8.5,3,5,3,3,3,3,3,3,3,2,2,9,12,2.4776269137516684
10/26/2024 8:52:12,4,0,4,8.5,4,5,3,4,4,3,3,3,4,3,1,9,12,2.7088677585996184
10/26/2024 8:55:48,4,0,3,7.5,3,5,4,3,3,4,4,4,3,3,2,16,12,2.647526893757855
10/26/2024 8:56:07,4,0,4,8.5,3,5,4,4,4,3,3,4,4,3,1,12,12,2.7196095136681886
10/26/2024 8:58:38,4,0,4,8.5,4,4,4,3,4,4,3,4,3,3,1,16,12,2.6102984678734926
10/26/2024 8:58:58,4,0,3,8.5,3,4,4,4,3,4,4,3,4,3,2,16,12,2.8049222603623485
10/26/2024 9:12:38,4,0,4,7.5,3,5,4,4,4,4,2,3,4,3,2,16,8,2.788161542958483
10/26/2024 9:16:00,4,0,4,7.5,3,4,4,4,3,3,3,3,4,3,1,12,12,2.6681873271268968
10/26/2024 9:57:26,4,0,4,7.5,4,5,4,4,3,4,3,4,4,3,3,16,12,2.744649481506546
10/26/2024 10:02:09,4,1,3,8.5,4,3,4,4,4,3,4,3,4,3,1,12,12,2.7347451456929166
10/26/2024 10:02:26,3,1,4,8.5,4,5,4,4,3,4,3,4,4,3,2,16,12,2.8426231268580437
10/26/2024 10:08:51,3,1,3,7.5,4,5,4,3,3,3,3,3,4,3,1,12,9,2.611426928245042
10/26/2024 10:11:18,3,1,3,8.5,3,5,4,3,4,4,4,3,3,3,1,16,12,2.7237335593824405
10/26/2024 10:13:01,4,0,3,7.5,3,5,3,4,4,4,4,4,4,2,1,12,12,2.622843146826924
10/26/2024 10:15:20,4,1,3,8.5,4,5,4,4,4,4,4,3,4,3,1,16,12,2.8512768465386586
10/26/2024 10:16:32,4,0,3,7.5,4,5,4,4,4,4,3,3,4,3,1,16,9,2.6812503213252246
10/26/2024 10:28:58,4,0,3,7.5,4,4,4,3,4,4,3,4,3,2,1,16,9,2.473499617065107
10/26/2024 10:29:17,4,0,3,8.5,4,4,4,4,3,3,3,4,4,2,1,12,9,2.651240460629006
10/26/2024 13:55:02,4,0,4,8.5,3,4,4,3,3,3,3,4,4,3,2,12,12,2.6509973716899213
10/26/2024 13:55:34,4,0,4,7.5,4,5,3,4,3,4,3,3,4,3,1,12,12,2.622843146826924
10/26/2024 13:56:00,4,0,3,6.5,3,4,3,3,3,4,4,4,4,3,2,12,12,2.6821235303696693
10/26/2024 13:57:40,3,0,4,8.5,4,5,3,4,4,4,3,3,4,3,1,12,12,2.7196095136681886
10/26/2024 13:57:57,4,1,4,8.5,3,5,4,4,4,4,3,4,4,3,1,16,12,2.8512768465386586
10/26/2024 13:58:14,4,1,3,8.5,3,5,4,4,3,4,4,4,4,3,1,16,12,2.8512768465386586
10/26/2024 13:59:41,4,0,4,8.5,4,5,4,4,4,4,3,3,4,3,2,16,12,2.8426231268580437
10/26/2024 14:00:04,3,0,3,7.5,4,5,3,4,4,3,4,4,3,2,1,9,12,2.4904794849535183
10/26/2024 14:00:42,4,1,4,8.5,4,5,2,3,2,3,3,4,3,3,1,6,12,2.1878074249495745
10/26/2024 14:01:17,4,0,4,7.5,3,3,3,4,3,4,3,3,4,3,2,12,12,2.6007723650827277
10/26/2024 14:01:35,4,0,3,8.5,3,5,3,3,3,3,4,4,3,3,2,9,12,2.4776269137516684
10/26/2024 14:01:52,4,0,4,8.5,4,4,3,4,3,4,3,3,3,3,2,12,12,2.476161583601982
10/26/2024 14:02:18,3,0,3,8.5,3,5,4,4,4,3,4,3,3,3,1,12,12,2.65178156048069
10/26/2024 14:02:58,4,0,3,7.5,3,5,3,3,4,4,3,4,4,2,2,12,9,2.634310712370965
10/26/2024 14:03:37,2,0,3,7.5,3,5,3,2,4,3,3,3,3,3,2,9,9,2.2549086403309158
10/26/2024 14:03:57,3,1,3,8.5,3,5,2,3,4,4,2,4,4,3,1,8,6,2.6773692928248622
10/26/2024 14:04:14,2,1,2,7.5,3,4,3,3,3,3,3,4,4,3,2,9,6,2.7571615789694324
10/26/2024 14:04:37,4,0,4,8.5,4,5,4,4,4,4,3,3,4,3,1,16,12,2.8512768465386586
10/26/2024 14:04:55,4,0,3,8.5,3,4,3,3,4,3,3,3,4,3,2,9,9,2.6317979511287812
10/26/2024 14:05:12,4,0,3,7.5,3,5,4,3,3,3,3,3,3,2,2,12,9,2.3925753313263893
10/26/2024 14:05:33,2,0,3,7.5,2,4,2,4,3,3,3,3,3,2,2,6,9,2.0616659399785915
10/26/2024 14:05:50,4,0,4,8.5,3,4,3,3,3,3,3,3,2,2,2,9,12,2.351156951405771
10/26/2024 14:06:08,4,0,4,7.5,4,4,3,3,3,3,3,4,4,3,1,9,12,2.652685022454581
10/26/2024 14:06:26,4,0,3,7.5,4,4,3,3,4,4,3,3,4,2,1,12,9,2.6675669085994356
10/26/2024 14:06:59,4,0,4,7.5,4,4,4,4,4,4,3,4,4,3,1,16,12,2.688623172856385
10/26/2024 14:07:40,4,0,3,7.5,3,4,4,3,2,2,3,3,2,2,2,8,9,2.0977134435344995
10/26/2024 14:07:56,2,1,4,7.5,3,4,3,3,2,3,3,3,4,3,2,9,12,2.65444105716148
10/26/2024 14:08:15,3,0,3,7.5,4,5,3,3,3,4,3,4,4,3,2,12,9,2.634310712370965
10/26/2024 14:08:31,3,0,4,8.5,4,5,4,3,4,3,3,4,4,2,1,12,12,2.7196095136681886
10/26/2024 14:08:46,3,0,3,8.5,4,5,4,4,4,4,4,4,4,3,1,16,12,2.8512768465386586
10/26/2024 14:09:03,3,0,3,7.5,3,4,3,4,4,3,3,4,4,3,3,9,9,2.6648323190747676
10/26/2024 14:09:21,4,0,4,8.5,3,5,3,4,4,4,3,4,3,2,3,12,12,2.4515027141289014
10/26/2024 14:09:45,4,0,4,8.5,3,5,3,4,3,4,3,4,4,3,1,12,12,2.7196095136681886
10/26/2024 14:10:57,4,0,3,7.5,3,4,4,4,4,3,3,3,4,3,2,12,9,2.672781037195896
10/26/2024 14:11:17,3,0,3,8.5,3,5,4,4,4,3,3,3,2,2,2,12,9,2.3872851816673566
10/26/2024 14:11:50,3,1,3,8.5,4,4,4,4,4,3,4,3,3,2,2,12,12,2.476161583601982
10/26/2024 14:12:07,3,0,3,7.5,3,4,3,4,2,4,3,3,3,2,2,12,9,2.370757627202357
10/26/2024 14:12:24,4,0,4,8.5,2,4,3,3,4,3,3,4,3,2,2,9,12,2.3711453969391307
10/26/2024 14:12:42,4,1,3,8.5,4,5,3,3,3,4,3,3,3,3,2,12,9,2.422548415477306
10/26/2024 14:13:50,4,1,3,7.5,3,5,4,4,4,3,4,3,4,3,1,12,12,2.622843146826924
10/26/2024 14:14:11,3,0,3,7.5,3,4,3,3,3,3,3,3,4,3,1,9,9,2.6636923769490046
10/26/2024 14:16:13,3,1,4,7.5,3,4,3,3,3,3,2,3,3,3,2,9,8,2.1590494030007257
10/26/2024 14:16:58,4,0,3,7.5,4,4,3,3,4,3,4,3,4,3,2,9,12,2.65444105716148
10/26/2024 14:17:27,3,1,3,7.5,4,4,3,4,4,3,3,4,3,3,2,9,9,2.2181773301058554
10/26/2024 14:17:51,3,0,4,8.5,3,5,4,4,3,3,3,3,3,2,1,12,12,2.65178156048069
10/26/2024 14:18:44,3,0,3,7.5,3,4,3,3,3,3,3,3,4,2,1,9,9,2.6636923769490046
10/26/2024 14:19:10,3,0,3,7.5,3,5,4,3,3,3,3,4,3,2,2,12,9,2.3925753313263893
10/26/2024 14:19:32,3,1,4,7.5,3,4,3,3,3,3,3,3,4,3,2,9,12,2.65444105716148
10/26/2024 14:22:58,4,0,3,7.5,3,4,3,3,3,3,3,3,4,3,2,9,9,2.6851296052720532
10/26/2024 14:23:32,4,0,4,8.5,4,4,3,3,3,3,3,3,4,3,2,9,12,2.6540891036768715
10/26/2024 14:24:32,4,0,4,8.5,3,4,3,3,4,4,3,3,3,3,1,12,12,2.537402663136631
10/26/2024 14:27:50,4,0,4,8.5,4,5,3,3,4,4,3,4,3,3,1,12,12,2.65178156048069
10/26/2024 14:28:24,4,1,4,7.5,3,5,4,4,3,3,3,3,4,3,1,12,12,2.622843146826924
10/26/2024 14:28:44,4,1,4,8.5,4,5,4,3,3,4,3,3,3,3,1,16,12,2.7237335593824405
10/26/2024 14:29:03,4,0,4,8.5,3,5,3,4,3,3,3,3,3,2,2,9,12,2.4776269137516684
10/26/2024 14:34:28,4,0,4,8.5,3,4,3,3,3,3,3,4,4,2,2,9,12,2.6540891036768715
10/26/2024 14:35:27,2,1,3,8.5,4,5,3,3,4,4,4,4,4,3,1,12,12,2.7196095136681886
10/26/2024 14:36:23,4,1,4,8.5,4,5,4,4,3,4,3,4,4,3,2,16,12,2.8426231268580437
10/26/2024 15:25:18,4,0,3,7.5,3,5,3,3,3,2,3,3,3,2,2,6,9,2.099584029254129
10/26/2024 15:25:36,3,1,3,7.5,3,5,3,3,4,4,4,3,3,3,2,12,12,2.568422470070343
10/26/2024 15:26:02,4,1,3,7.5,3,3,2,2,2,4,3,3,3,3,2,8,9,2.2276444157743818
10/26/2024 15:26:47,4,0,3,7.5,3,1,4,3,3,3,3,3,4,2,2,12,9,2.453544479852378
10/26/2024 15:27:12,4,1,2,7.5,3,1,3,3,3,3,3,3,3,2,2,9,6,2.16774806752632
10/26/2024 15:27:34,4,0,3,7.5,3,2,3,3,3,3,3,3,3,2,2,9,9,2.2327212247446884
10/26/2024 15:27:56,4,0,3,7.5,3,1,3,4,3,3,3,3,3,2,1,9,9,2.2294183656526547
10/26/2024 15:28:17,4,1,3,7.5,4,2,2,4,3,3,3,3,3,2,2,6,9,2.1844656385890513
10/26/2024 15:28:49,4,0,4,7.5,2,1,3,3,3,3,3,3,4,3,2,9,12,2.361558816025155
10/26/2024 15:29:24,4,0,3,8.5,2,1,4,4,2,3,2,3,3,2,2,12,6,2.3021807865109736
10/26/2024 15:55:54,3,0,3,7.5,3,1,4,3,4,3,3,4,4,3,1,12,9,2.6583638739485242
10/26/2024 15:56:16,1,0,4,8.5,3,1,4,3,4,4,3,4,4,3,1,16,12,2.8319946463905956
10/26/2024 15:56:35,3,0,4,8.5,3,1,4,3,3,3,3,4,3,2,1,12,12,2.579406340162039
10/26/2024 15:56:57,4,0,4,8.5,4,1,4,4,4,4,3,4,3,2,1,16,12,2.624215532558614
10/26/2024 15:57:17,4,0,3,8.5,3,1,3,4,4,4,3,4,4,3,1,12,9,2.698452111654336
10/26/2024 15:57:40,4,0,4,7.5,2,1,4,3,3,4,4,4,4,3,1,16,16,2.760463546247184
10/26/2024 15:58:02,4,1,4,8.5,4,1,3,4,3,4,4,4,3,3,1,12,16,2.5922365717761036
10/26/2024 15:58:31,4,0,4,8.5,4,1,4,4,4,3,4,4,4,3,1,12,16,2.8309893238075303
10/26/2024 15:58:52,4,0,4,8.5,4,1,4,4,4,4,4,4,4,3,1,16,16,2.9165294116988583
10/26/2024 15:59:25,4,1,4,8.5,3,1,4,4,4,4,4,4,4,3,1,16,16,2.9165294116988583
10/26/2024 15:59:42,4,0,4,7.5,4,1,3,3,3,4,4,4,4,3,1,12,16,2.737975760959439
10/26/2024 16:00:18,4,1,3,7.5,3,1,3,4,4,4,4,3,3,3,1,12,12,2.531283988129776
10/26/2024 16:00:42,4,1,4,8.5,4,1,4,4,4,4,4,4,3,3,1,16,16,2.6361009612746344
10/26/2024 16:01:05,4,0,4,8.5,4,1,4,4,4,3,4,4,4,3,1,12,16,2.8309893238075303
10/26/2024 16:01:23,4,1,4,8.5,4,1,4,4,4,4,4,4,4,3,1,16,16,2.9165294116988583
10/26/2024 16:01:42,4,1,4,8.5,3,1,4,4,3,3,4,4,3,3,1,12,16,2.5922365717761036
10/26/2024 16:02:06,4,0,4,8.5,3,1,4,4,3,4,4,4,4,3,1,16,16,2.9165294116988583
10/26/2024 16:02:31,4,0,4,8.5,3,1,4,3,4,4,4,4,4,3,1,16,16,2.9165294116988583
10/26/2024 16:03:09,3,1,4,8.5,4,1,4,3,4,4,4,4,4,3,1,16,16,2.9165294116988583
10/26/2024 16:03:28,3,0,4,7.5,4,1,4,4,4,4,4,4,4,3,1,16,16,2.760463546247184
10/26/2024 16:04:19,3,0,4,8.5,4,1,4,4,4,4,3,4,3,3,1,16,12,2.624215532558614
10/26/2024 16:04:38,4,0,4,8.5,4,1,4,4,4,4,4,4,4,3,1,16,16,2.9165294116988583
10/26/2024 16:04:56,4,0,4,8.5,4,1,4,4,4,4,3,4,4,3,1,16,12,2.8319946463905956
10/26/2024 16:05:17,4,0,4,8.5,4,1,3,4,4,3,4,4,4,3,1,9,16,2.752923561912039
10/26/2024 16:07:55,4,0,4,8.5,4,1,4,4,4,4,4,4,4,3,1,16,16,2.9165294116988583
10/26/2024 16:08:15,4,0,4,8.5,4,1,4,4,4,4,4,4,4,3,1,16,16,2.9165294116988583
10/26/2024 16:09:58,4,0,4,8.5,4,1,4,4,4,4,4,4,4,3,1,16,16,2.9165294116988583
10/26/2024 16:10:19,3,1,4,8.5,4,1,4,4,4,4,4,4,4,3,1,16,16,2.9165294116988583
10/26/2024 16:10:40,4,1,4,8.5,4,1,4,4,4,4,4,4,4,3,1,16,16,2.9165294116988583
10/26/2024 16:12:18,3,0,4,8.5,3,1,4,3,3,3,4,4,2,3,2,12,16,2.510877926263392
10/26/2024 16:12:51,1,0,4,8.5,4,1,4,4,3,3,3,3,2,2,1,12,12,2.5433671974720102
10/26/2024 16:13:21,3,0,3,7.5,3,1,4,3,3,4,4,3,3,3,1,16,12,2.555489477875567
10/26/2024 16:13:51,4,0,4,8.5,3,1,3,3,0,3,2,3,2,3,1,9,8,2.1555501231833434
10/26/2024 16:14:26,3,1,4,7.5,3,1,3,3,3,3,3,4,3,2,2,9,12,2.43639462126309
10/26/2024 16:14:45,3,0,3,7.5,3,1,3,3,3,3,3,3,3,3,1,9,9,2.2294183656526547
10/26/2024 16:15:09,4,0,4,7.5,3,1,3,3,3,3,3,3,3,2,1,9,12,2.4357562656829956
10/26/2024 16:19:38,4,0,4,8.5,4,1,4,3,4,4,4,4,2,3,1,16,16,2.5957773399094632
10/26/2024 16:20:00,4,1,3,7.5,3,1,3,4,3,4,3,3,3,2,2,12,9,2.3591789076795027
10/26/2024 16:20:31,3,0,3,7.5,3,1,3,3,3,3,4,4,1,3,1,9,12,2.3866051772004977
10/26/2024 16:21:08,3,0,4,8.5,3,1,3,3,3,2,4,3,1,2,1,6,16,2.182512298278094
10/26/2024 16:21:38,2,0,3,7.5,3,1,3,3,3,3,3,3,1,2,2,9,9,2.1624882307276847
10/26/2024 16:21:59,4,0,4,7.5,3,1,3,3,3,3,3,3,3,3,1,9,12,2.4357562656829956
10/26/2024 16:23:03,3,0,4,8.5,3,1,3,3,3,3,3,3,1,3,1,9,12,2.396551834203691
10/26/2024 16:23:24,4,0,4,7.5,4,1,3,4,4,3,4,4,4,2,2,9,16,2.3941291936127045
10/26/2024 16:23:51,4,0,3,7.5,3,1,3,4,3,4,4,3,3,2,1,12,12,2.531283988129776
10/26/2024 16:24:13,4,1,3,7.5,3,1,3,3,3,3,3,4,3,2,1,9,9,2.2294183656526547
10/26/2024 16:28:54,3,1,3,8.5,3,1,4,3,3,4,4,3,4,3,2,16,12,2.6367275385598
10/26/2024 16:29:16,3,0,3,8.5,3,1,3,3,3,3,3,3,3,2,5,9,9,2.0300840601894796
10/26/2024 16:29:57,3,0,4,7.5,3,1,3,3,3,3,3,3,3,2,1,9,12,2.4357562656829956
10/26/2024 16:30:27,3,0,3,7.5,3,1,3,3,3,3,3,3,1,2,2,9,9,2.1624882307276847
10/26/2024 16:30:51,3,0,3,7.5,3,1,4,3,3,3,3,3,3,2,1,12,9,2.4291835435444127
10/26/2024 16:31:14,4,0,4,7.5,4,1,4,3,3,3,3,3,3,2,1,12,12,2.531283988129776
10/26/2024 16:31:35,4,0,4,7.5,3,1,4,3,3,3,3,3,3,3,1,12,12,2.531283988129776
10/26/2024 16:31:55,3,0,4,7.5,4,1,4,4,3,4,3,3,4,3,1,16,12,2.675842667546421
10/26/2024 16:32:15,4,1,4,8.5,3,1,3,3,4,2,2,2,2,2,2,6,8,2.1384745021152973
10/26/2024 16:39:11,3,0,3,8.5,3,1,3,3,3,3,0,2,2,2,1,9,0,2.101540077087023
10/26/2024 16:39:36,3,0,4,7.5,3,1,3,2,3,3,3,3,3,2,3,9,12,2.303284268449045
10/26/2024 16:40:00,4,0,3,7.5,3,1,3,3,3,3,3,3,2,2,2,9,9,2.1937680785153337
10/26/2024 16:40:21,3,1,4,7.5,4,1,3,4,3,3,4,3,3,3,2,9,16,2.436367695790014
10/26/2024 16:40:42,3,0,3,6.5,3,1,3,3,3,3,3,3,3,2,2,9,9,2.2263180701806276
10/26/2024 16:41:02,4,0,3,7.5,3,1,4,3,3,4,3,3,3,2,2,16,9,2.4060078118291055
10/26/2024 16:41:22,4,0,3,7.5,2,1,4,3,3,3,3,3,2,2,1,12,9,2.368231114843853
10/26/2024 16:41:43,3,0,3,7.5,3,1,3,3,3,3,3,3,3,2,2,9,9,2.2263180701806276
10/26/2024 16:42:02,3,0,4,7.5,3,1,3,3,3,3,3,3,2,3,1,9,12,2.4083619305564135
10/26/2024 16:42:19,3,0,3,7.5,3,1,3,3,3,3,3,3,3,2,1,9,9,2.2294183656526547
10/26/2024 16:42:41,4,0,3,7.5,3,1,3,3,3,2,4,3,3,2,1,6,12,2.3249320703535328
10/26/2024 16:43:00,4,0,3,7.5,3,1,3,3,4,3,3,3,3,2,2,9,9,2.2263180701806276
10/26/2024 16:43:18,4,0,4,8.5,3,1,4,3,3,4,3,4,3,2,1,16,12,2.624215532558614
10/26/2024 16:43:39,3,1,3,8.5,3,1,4,3,3,3,4,3,3,3,1,12,12,2.579406340162039
10/26/2024 16:43:56,4,0,3,7.5,3,1,3,3,4,4,4,3,3,3,1,12,12,2.531283988129776
10/26/2024 16:44:13,3,0,3,7.5,3,1,3,3,4,3,4,4,3,2,2,9,12,2.43639462126309
10/26/2024 16:47:13,4,0,3,7.5,2,1,3,3,3,3,3,3,3,2,2,9,9,2.2263180701806276
10/26/2024 16:47:35,4,0,3,7.5,3,1,3,3,3,3,2,3,2,2,1,9,6,2.1131819566150627
10/26/2024 16:48:43,3,0,3,7.5,3,1,3,3,3,2,3,3,3,2,1,6,9,2.235575822303546
10/26/2024 16:49:03,3,0,3,7.5,3,1,3,3,2,3,3,3,3,2,2,9,9,2.2263180701806276
10/26/2024 16:49:24,1,0,3,7.5,3,1,3,3,3,3,3,3,3,2,2,9,9,2.2263180701806276
10/26/2024 16:49:48,4,0,3,7.5,3,1,3,3,3,3,3,3,3,2,2,9,9,2.2263180701806276
10/26/2024 16:52:42,3,1,3,7.5,3,1,2,3,3,3,3,3,3,2,2,6,9,2.2420741048461914
10/26/2024 16:53:29,3,0,3,7.5,3,1,3,3,3,3,3,3,3,2,1,9,9,2.2294183656526547
10/26/2024 16:53:48,3,0,3,7.5,3,1,3,3,3,3,4,3,3,3,2,9,12,2.43639462126309
10/26/2024 16:54:11,3,0,4,7.5,3,1,3,3,3,4,4,3,3,3,1,12,16,2.549956860402006
10/26/2024 17:06:19,4,0,2,7.5,3,1,3,3,3,3,3,4,3,2,2,9,6,2.16774806752632
10/27/2024 0:41:18,3,0,3,7.5,4,1,3,3,3,2,3,4,2,2,1,6,9,2.1554306181872165
10/27/2024 0:45:51,3,0,4,7.5,3,1,4,3,3,3,3,4,3,3,1,12,12,2.531283988129776
10/27/2024 0:47:01,4,1,3,7.5,3,1,2,2,2,2,3,3,3,2,1,4,9,2.253872153725485
10/27/2024 0:47:22,4,1,3,7.5,3,1,3,3,3,3,4,3,3,2,1,9,12,2.4357562656829956
10/27/2024 0:47:58,3,0,4,8.5,4,1,3,4,4,4,3,4,3,3,1,12,12,2.579406340162039
10/27/2024 0:49:36,3,0,3,8.5,4,1,3,3,3,3,3,3,3,2,1,9,9,2.2427490920232858
10/27/2024 0:49:56,4,0,4,7.5,3,1,3,4,3,3,4,4,3,3,1,9,16,2.4401538926395876
10/27/2024 0:50:23,3,0,4,7.5,3,1,4,3,3,3,4,4,3,3,1,12,16,2.549956860402006
10/27/2024 0:50:50,3,0,4,7.5,3,1,4,3,4,2,3,3,3,3,1,8,12,2.4415924014038937
10/27/2024 0:51:10,3,0,4,7.5,3,1,3,3,4,4,3,1,4,2,1,12,12,2.645694773438257
10/27/2024 0:51:32,3,0,3,7.5,3,1,3,4,3,3,4,4,4,3,1,9,12,2.5759135574302645
10/27/2024 0:51:51,4,0,3,8.5,4,1,4,2,4,4,3,3,4,3,1,16,9,2.785912675708171
10/27/2024 0:52:08,3,0,3,8.5,3,1,4,3,3,4,3,3,4,2,2,16,9,2.6138106844546956
10/27/2024 0:53:53,4,0,3,8.5,3,1,3,4,4,4,3,3,3,3,1,12,9,2.487643222782104
10/27/2024 0:54:47,4,1,4,8.5,4,1,4,4,3,4,4,4,3,2,1,16,16,2.6361009612746344
10/27/2024 0:56:04,3,0,3,7.5,3,1,4,3,4,3,2,3,4,3,1,12,6,2.7155586383633237
10/27/2024 0:56:25,3,1,3,8.5,3,1,4,2,3,2,3,3,2,2,1,8,9,2.169663593502526
10/27/2024 0:56:43,4,0,4,8.5,3,1,3,3,3,3,2,2,4,3,1,9,8,2.743207465008228
10/27/2024 0:57:55,3,0,4,7.5,3,1,2,4,3,3,3,3,4,3,1,6,12,2.508605051141311
10/27/2024 1:00:46,4,0,3,7.5,1,2,4,4,4,3,3,3,4,2,1,12,9,2.6557658757145903
10/27/2024 1:01:12,3,0,0,7.5,3,1,3,4,3,4,3,4,3,2,1,12,0,2.3086946655037264
10/27/2024 1:01:30,3,0,4,7.5,4,1,3,4,3,3,4,3,3,3,2,9,16,2.436367695790014
10/27/2024 1:01:49,4,1,4,7.5,4,1,3,3,3,4,3,3,4,3,1,12,12,2.645694773438257
10/27/2024 1:02:11,4,0,4,7.5,4,1,3,3,3,3,3,4,4,2,2,9,12,2.361558816025155
10/27/2024 1:02:31,4,0,3,8.5,3,1,3,3,3,3,2,3,4,3,1,9,6,2.743941160660402
10/27/2024 1:02:59,3,1,3,8.5,3,1,3,3,4,2,3,4,3,3,2,6,9,2.244347982139044
10/27/2024 1:03:27,3,0,4,8.5,4,1,3,2,4,3,3,3,3,2,2,9,12,2.441606787393699
10/27/2024 11:04:35,4,0,3,8.5,3,1,3,2,2,3,4,4,2,3,2,9,12,2.4274350069204247
10/27/2024 11:04:55,4,0,3,7.5,4,1,3,4,3,3,3,3,4,2,1,9,9,2.5855473077784588
10/27/2024 11:05:15,3,0,4,7.5,3,1,3,4,4,4,3,3,3,3,2,12,12,2.4928949066013404
10/27/2024 11:05:43,3,1,3,8.5,3,1,3,2,4,4,3,4,4,2,2,12,9,2.443794062102752
10/27/2024 11:06:05,3,0,3,7.5,3,1,3,3,3,4,4,4,4,2,2,12,12,2.434161201684942
10/27/2024 11:06:26,4,0,4,7.5,4,1,4,4,3,3,4,3,4,3,1,12,16,2.737975760959439
10/27/2024 11:06:45,4,0,3,7.5,3,1,4,3,3,3,4,4,3,2,2,12,12,2.4928949066013404
10/27/2024 11:07:02,3,0,3,7.5,3,1,3,3,3,4,4,4,4,2,1,12,12,2.645694773438257
10/27/2024 11:07:22,4,0,3,8.5,3,1,3,3,3,3,3,4,3,2,2,9,9,2.2376212103443613
10/27/2024 11:07:55,3,0,3,8.5,4,1,4,3,3,3,4,3,4,3,2,12,12,2.467261013082991
10/27/2024 11:08:36,4,0,3,8.5,3,1,3,4,3,4,3,3,3,2,2,12,9,2.3966887107448147
10/27/2024 11:08:53,3,0,4,8.5,2,1,3,3,4,4,3,3,4,3,2,12,12,2.467261013082991
10/27/2024 11:09:15,3,0,4,7.5,3,1,3,3,3,3,3,3,4,2,2,9,12,2.361558816025155
10/27/2024 11:09:32,3,0,3,7.5,4,1,3,3,3,3,3,3,3,2,1,9,9,2.2294183656526547
10/27/2024 11:09:50,3,0,3,7.5,3,2,3,3,3,3,3,3,3,2,2,9,9,2.2327212247446884
10/27/2024 11:10:11,3,1,3,7.5,3,1,3,3,3,3,3,3,2,2,2,9,9,2.1937680785153337
10/27/2024 11:10:30,3,0,3,7.5,1,2,3,3,4,3,3,3,3,2,2,9,9,2.2327212247446884
10/27/2024 11:10:57,3,0,3,7.5,3,1,3,4,4,3,3,4,3,2,2,9,9,2.2263180701806276
10/27/2024 11:11:19,3,1,3,7.5,4,2,3,3,3,4,4,3,3,3,1,12,12,2.5107134201069807
10/27/2024 11:11:41,3,0,2,7.5,2,2,3,3,3,3,3,3,3,2,2,9,6,2.174151222090381
10/27/2024 11:11:58,4,0,3,7.5,3,1,3,3,3,3,3,3,4,2,2,9,9,2.3950943579531327
10/27/2024 11:12:17,3,1,3,7.5,3,1,3,2,3,3,3,3,3,2,2,9,9,2.2263180701806276
10/27/2024 11:12:34,3,0,3,7.5,3,2,3,3,3,3,3,3,3,3,2,9,9,2.2327212247446884
10/27/2024 11:12:50,3,0,4,7.5,3,1,3,3,3,3,3,3,3,2,2,9,12,2.43639462126309
10/27/2024 11:13:11,4,1,3,8.5,4,1,4,2,4,4,3,3,3,3,2,16,9,2.4566244889538065
10/27/2024 11:13:33,3,0,3,7.5,3,2,2,3,3,3,3,3,3,2,3,6,9,1.972811320281935
10/27/2024 11:13:56,3,0,4,8.5,3,1,3,3,3,2,3,3,4,2,2,6,12,2.4271827889471096
10/27/2024 11:14:28,3,0,3,8.5,3,1,3,3,3,3,3,4,3,3,2,9,9,2.2376212103443613
10/27/2024 11:14:47,3,0,4,8.5,3,2,3,3,3,4,4,4,4,3,1,12,16,2.805094312961407
10/27/2024 11:15:12,2,0,3,8.5,3,2,3,3,4,3,3,3,3,2,2,9,9,2.244024364908423
10/27/2024 11:15:34,3,0,4,7.5,3,1,3,3,3,3,4,4,4,3,1,9,16,2.651233625367853
10/27/2024 11:16:08,2,0,3,6.5,2,1,3,4,3,3,3,4,4,2,1,9,9,2.5907908872327123
10/27/2024 11:16:24,3,1,3,8.5,3,1,3,3,4,3,2,4,3,3,2,9,6,2.178238652429223
10/27/2024 11:16:43,4,1,3,8.5,3,1,4,3,3,3,3,4,3,3,1,12,9,2.487643222782104
10/27/2024 11:17:03,3,0,3,7.5,3,2,4,4,3,3,3,3,3,3,1,12,9,2.4304901529362364
10/27/2024 11:17:23,3,0,3,8.5,4,2,3,3,2,3,4,3,3,3,2,9,12,2.4358431466613975
10/27/2024 11:17:41,4,0,3,8.5,4,1,3,3,3,2,4,3,3,3,2,6,12,2.3311013804132945
10/27/2024 11:18:00,4,0,4,8.5,3,2,3,3,4,3,3,3,3,2,2,9,12,2.4358431466613975
10/27/2024 11:18:18,3,1,4,7.5,3,2,3,3,4,4,4,3,3,2,3,12,16,2.3825005064497975
10/27/2024 11:18:38,4,1,4,7.5,3,1,3,3,4,4,3,3,3,2,2,12,12,2.4928949066013404
10/27/2024 11:18:57,4,0,3,7.5,3,1,4,3,3,3,3,3,4,3,1,12,9,2.6583638739485242
10/27/2024 11:19:15,3,1,4,7.5,4,2,3,4,2,4,3,3,3,2,1,12,12,2.5107134201069807
10/27/2024 11:19:32,3,1,3,7.5,3,1,4,3,4,3,3,4,3,3,1,12,9,2.4291835435444127
10/27/2024 11:19:52,4,0,3,7.5,3,1,3,3,3,3,2,3,3,2,2,9,6,2.16774806752632
10/27/2024 11:20:11,4,1,4,7.5,3,1,3,3,4,4,3,3,3,2,1,12,12,2.531283988129776
10/27/2024 11:21:12,3,0,4,7.5,3,1,2,3,4,3,3,3,3,2,1,6,12,2.3249320703535328
10/27/2024 11:21:31,3,1,3,7.5,4,2,2,4,3,4,3,3,4,2,2,8,9,2.455969284941621
10/27/2024 11:21:50,4,0,3,8.5,3,1,4,3,3,3,3,3,3,2,2,12,9,2.3966887107448147
10/27/2024 11:22:09,3,0,4,6.5,2,1,2,2,3,3,3,3,3,2,2,6,12,2.330128188813491
10/27/2024 11:22:30,3,1,3,7.5,2,2,3,2,3,4,4,3,4,2,2,12,12,2.5619529177258022
10/27/2024 11:22:51,3,1,3,7.5,3,1,3,3,2,3,4,4,3,2,1,9,12,2.4357562656829956
10/27/2024 11:23:12,3,1,3,7.5,3,2,3,3,3,3,3,3,3,2,5,9,9,2.0262092022081832
10/27/2024 11:23:33,4,0,4,8.5,4,1,4,4,3,4,3,4,4,2,2,16,12,2.6367275385598
10/27/2024 11:23:51,4,0,4,8.5,3,2,3,4,3,3,3,3,3,3,2,9,12,2.4358431466613975
10/27/2024 11:24:12,3,0,4,8.5,3,1,3,4,4,3,3,4,3,3,2,9,12,2.441606787393699
10/27/2024 11:24:35,4,0,3,7.5,3,1,4,3,3,3,3,3,3,3,2,12,9,2.3591789076795027
10/27/2024 11:24:59,4,0,4,7.5,3,2,3,3,3,3,3,3,3,2,2,9,12,2.4324871678217583
10/27/2024 11:25:18,4,1,3,7.5,2,1,3,3,4,3,4,3,3,3,2,9,12,2.43639462126309
10/27/2024 11:25:36,4,0,3,8.5,3,1,3,3,3,3,3,3,3,2,2,9,9,2.2376212103443613
10/27/2024 11:25:55,4,0,3,7.5,3,1,3,2,3,2,4,3,2,3,1,6,12,2.24655146384183
10/27/2024 11:26:17,4,0,4,7.5,4,1,3,4,3,4,4,3,4,3,1,12,16,2.737975760959439
10/27/2024 11:26:38,4,0,3,7.5,3,1,2,4,3,3,3,4,3,3,1,6,9,2.235575822303546
10/27/2024 11:26:58,3,1,4,7.5,4,1,3,3,3,3,3,3,3,2,1,9,12,2.4357562656829956
10/27/2024 11:27:16,3,0,4,7.5,4,1,3,4,3,3,3,4,4,2,1,9,12,2.5759135574302645
10/27/2024 11:27:33,3,1,4,6.5,3,1,3,4,4,3,3,2,3,2,2,9,12,2.43639462126309
10/27/2024 11:27:55,3,0,3,7.5,3,1,3,2,3,3,3,3,2,2,1,9,9,2.1853881659433676
10/27/2024 11:28:14,4,0,3,8.5,3,1,4,3,3,4,3,4,4,3,2,16,9,2.6138106844546956
10/27/2024 11:28:36,4,1,3,8.5,4,5,4,4,3,4,3,3,3,3,1,16,9,2.594290790204561
10/27/2024 11:28:55,4,0,4,8.5,4,1,3,3,3,3,3,3,4,3,1,9,12,2.684230200438201
10/27/2024 11:29:16,4,0,4,8.5,4,1,4,4,3,3,4,3,3,2,1,12,16,2.5922365717761036
10/27/2024 11:29:32,2,0,3,8.5,4,1,3,3,3,4,3,3,3,3,2,12,9,2.3966887107448147
10/27/2024 11:29:50,1,1,4,8.5,3,1,3,3,3,2,3,2,3,2,1,6,12,2.3259052619533365
10/27/2024 11:30:08,2,1,3,7.5,4,1,4,4,4,4,3,3,3,2,2,16,9,2.4060078118291055
10/27/2024 11:30:23,3,0,4,8.5,2,1,3,4,4,3,3,3,3,2,2,9,12,2.441606787393699
10/27/2024 11:30:39,3,1,3,7.5,2,1,3,3,3,2,3,3,3,3,1,6,9,2.235575822303546
10/27/2024 11:30:56,4,0,4,7.5,3,1,4,2,4,3,3,4,4,3,1,12,12,2.645694773438257
10/27/2024 11:31:12,3,1,2,8.5,3,1,3,4,3,3,3,4,4,2,1,9,6,2.743941160660402
10/27/2024 11:31:28,3,0,3,7.5,3,1,4,2,3,4,3,4,4,3,1,16,9,2.69712611603701
10/27/2024 11:31:48,3,0,3,6.5,0,1,3,3,3,3,3,4,3,2,1,9,9,2.2294183656526547
10/27/2024 11:32:04,3,0,4,7.5,3,1,3,3,3,3,3,4,3,3,2,9,12,2.43639462126309
10/27/2024 11:32:21,4,0,3,8.5,4,1,3,4,3,1,3,4,3,3,1,3,9,2.2324483711670275
10/27/2024 11:32:39,3,0,3,7.5,4,1,3,4,4,4,3,4,4,3,2,12,9,2.453544479852378
10/27/2024 11:33:06,3,1,4,8.5,3,1,3,3,3,4,4,4,2,2,2,12,16,2.510877926263392
10/27/2024 11:33:24,4,0,3,7.5,4,1,3,3,4,4,4,3,4,3,1,12,12,2.645694773438257
10/27/2024 11:33:41,4,0,4,7.5,4,1,4,4,3,3,4,4,3,2,1,12,16,2.549956860402006
10/27/2024 11:33:59,3,0,4,8.5,4,1,4,3,3,4,3,3,4,3,2,16,12,2.6367275385598
10/27/2024 11:34:21,3,0,4,8.5,3,1,4,4,3,3,3,3,3,3,2,12,12,2.5157140580375685
10/27/2024 11:34:43,1,1,3,8.5,3,1,3,2,4,3,3,3,3,3,1,9,9,2.2427490920232858
10/27/2024 11:35:06,4,1,3,7.5,3,1,3,3,2,3,2,2,3,3,1,9,6,2.195843891428885
10/27/2024 11:35:27,4,0,3,6.5,2,1,3,3,4,3,2,3,4,3,3,9,6,2.4845410321232304
10/28/2024 16:39:52,1,1,4,3.5,4,1,3,2,3,3,2,2,1,2,1,9,8,2.1142379115289143
10/28/2024 21:16:02,3,0,3,7.5,4,2,3,3,3,3,3,3,3,2,1,9,9,2.240166217186413
10/28/2024 21:16:34,3,0,3,8.5,3,2,3,3,3,3,3,3,3,3,2,9,9,2.244024364908423
10/28/2024 21:16:57,3,1,3,7.5,3,1,3,3,3,3,3,3,2,2,2,9,9,2.1937680785153337
10/28/2024 21:17:17,3,0,4,7.5,3,2,3,3,3,3,3,3,3,3,2,9,12,2.4324871678217583
10/28/2024 21:17:25,3,0,3,8.5,4,2,3,3,3,3,3,3,3,3,2,9,9,2.244024364908423
10/28/2024 21:17:38,4,0,4,7.5,3,2,4,3,3,4,3,2,3,2,1,16,12,2.5402850375314094
10/28/2024 23:21:56,3,0,3,8.5,3,2,3,3,3,3,3,3,3,3,2,9,9,2.244024364908423
10/28/2024 23:22:42,3,0,4,7.5,4,1,3,3,3,3,4,3,3,3,2,9,16,2.436367695790014
10/30/2024 22:05:30,3,0,3,7.5,3,2,3,3,3,3,2,3,4,2,1,9,6,2.709180871725891
10/30/2024 22:05:48,4,0,3,7.5,3,1,3,3,3,3,3,3,3,2,1,9,9,2.2294183656526547
10/30/2024 22:06:20,3,0,3,7.5,4,2,3,3,3,3,4,3,3,2,1,9,12,2.430890478908331
10/30/2024 22:06:39,3,0,3,7.5,3,2,3,2,3,2,3,3,3,2,1,6,9,2.177940182133362
10/30/2024 22:07:02,3,0,3,8.5,3,2,2,4,4,4,2,4,4,2,2,8,6,2.5277192146119645
10/30/2024 22:07:22,3,0,3,7.5,3,2,3,3,4,3,4,3,3,2,2,9,12,2.4324871678217583
10/30/2024 22:08:27,3,1,3,7.5,4,2,3,3,4,4,3,4,4,3,2,12,9,2.576242432234655
10/30/2024 22:11:39,4,0,3,8.5,3,1,3,2,3,3,3,3,3,2,2,9,9,2.2376212103443613
10/30/2024 22:12:05,4,0,4,8.5,2,2,4,3,4,4,4,3,3,2,1,16,16,2.620301939039621
10/30/2024 22:13:53,4,0,3,7.5,4,2,3,3,3,3,3,3,3,2,1,9,9,2.240166217186413
10/30/2024 22:14:10,4,1,3,7.5,3,2,3,4,3,4,4,3,3,3,1,12,12,2.5107134201069807
10/30/2024 22:14:29,3,1,0,6.5,0,4,3,2,0,2,4,0,3,2,5,6,0,1.8215610172296022
10/30/2024 22:15:07,3,1,4,8.5,4,1,3,1,1,1,2,2,1,2,3,3,8,1.8062533346087866
10/30/2024 22:15:10,3,0,3,7.5,3,2,3,3,3,3,3,3,4,2,1,9,9,2.6146625477354677
10/30/2024 22:15:32,3,0,4,7.5,3,1,4,3,3,3,3,3,3,2,1,12,12,2.531283988129776
10/30/2024 22:16:06,2,0,3,7.5,3,1,3,3,3,3,3,3,3,2,2,9,9,2.2263180701806276
10/30/2024 22:16:29,3,0,3,8.5,3,2,3,3,3,3,3,4,4,2,2,9,9,2.507536304298129
10/30/2024 22:17:31,3,0,3,8.5,4,2,3,3,3,4,3,3,3,3,2,12,9,2.4106081467021143
10/30/2024 22:17:50,4,0,4,7.5,3,2,2,3,3,3,3,3,3,2,1,6,12,2.272004071709754
10/30/2024 22:18:15,3,0,4,7.5,3,2,4,3,3,2,3,3,3,2,4,8,12,2.1975289290622215
10/30/2024 22:18:54,4,1,3,7.5,3,2,4,4,4,4,4,3,3,3,1,16,12,2.5402850375314094
10/30/2024 22:19:09,3,1,3,7.5,3,1,4,3,4,3,4,3,3,3,1,12,12,2.531283988129776
10/30/2024 22:19:37,4,0,3,7.5,3,1,4,3,4,3,3,4,3,2,1,12,9,2.4291835435444127
10/30/2024 22:19:57,3,0,3,7.5,4,2,3,4,4,3,3,4,4,3,2,9,9,2.5247640912456704
10/30/2024 22:20:11,3,1,3,7.5,3,2,2,2,2,2,2,2,2,1,4,4,6,1.7596990813477071
10/30/2024 22:20:15,4,0,4,7.5,4,4,3,3,3,4,3,3,3,2,2,12,12,2.461055056215341
10/30/2024 22:21:05,3,0,3,7.5,3,1,3,3,2,2,3,3,3,2,1,6,9,2.235575822303546
10/30/2024 22:21:13,3,1,1,4.5,1,1,1,1,1,1,1,2,3,1,4,1,1,1.7758158911880946
10/30/2024 22:21:30,4,0,3,7.5,3,2,3,4,3,3,3,3,3,2,1,9,9,2.240166217186413
10/30/2024 22:21:58,3,0,3,7.5,3,2,3,3,4,3,3,2,4,3,1,9,9,2.6146625477354677
10/30/2024 22:22:18,4,0,4,8.5,3,2,3,3,3,3,3,3,3,2,2,9,12,2.4358431466613975
10/30/2024 22:22:49,3,0,3,8.5,3,2,3,3,3,3,3,3,3,2,2,9,9,2.244024364908423
10/30/2024 22:22:50,3,1,3,7.5,3,2,4,4,3,4,3,4,4,2,2,16,9,2.6515742351532454
10/30/2024 22:23:13,1,1,2,8.5,2,2,3,3,3,3,3,4,4,3,1,9,6,2.7541019452173776
10/30/2024 22:23:24,3,0,3,7.5,3,3,3,3,3,3,3,3,3,3,3,9,9,2.049586891275378
10/30/2024 22:23:53,3,0,4,8.5,4,2,3,3,3,3,3,4,3,3,3,9,12,2.313053412208783
10/30/2024 22:24:20,3,1,2,8.5,4,1,3,4,3,3,4,3,4,3,1,9,8,2.743207465008228
10/30/2024 22:24:37,3,0,4,6.5,3,2,4,2,3,2,3,3,3,3,2,8,12,2.4265603934888684
10/30/2024 22:24:55,4,0,4,7.5,4,1,3,3,3,4,3,3,4,2,2,12,12,2.434161201684942
10/30/2024 22:25:15,3,0,3,8.5,3,1,4,3,3,3,4,4,4,2,2,12,12,2.467261013082991
10/30/2024 22:26:05,4,1,3,7.5,4,2,4,3,2,3,3,3,4,3,2,12,9,2.576242432234655
10/30/2024 22:26:22,3,0,4,7.5,4,1,3,4,4,3,3,3,4,2,1,9,12,2.5759135574302645
10/30/2024 22:27:23,3,0,3,7.5,3,2,2,4,2,3,3,4,3,2,2,6,9,2.1844656385890513
10/30/2024 22:27:42,2,0,3,8.5,3,1,2,4,4,3,3,3,2,3,2,6,9,2.170998355125131
10/30/2024 22:27:59,2,0,4,7.5,3,2,2,3,3,4,3,3,3,3,2,8,12,2.4265603934888684
10/30/2024 22:28:22,4,0,4,7.5,4,2,3,3,3,4,3,3,3,3,2,12,12,2.4884933491669594
10/30/2024 22:28:46,3,0,2,8.5,4,2,3,3,4,3,3,3,4,2,2,9,6,2.5919442657817195
10/30/2024 22:29:13,4,0,3,8.5,3,2,3,3,4,3,4,3,3,2,2,9,12,2.4358431466613975
10/30/2024 22:29:50,3,0,3,8.5,4,2,3,4,3,4,3,3,4,2,2,12,9,2.5529381688865134
10/30/2024 22:30:10,4,0,3,7.5,4,2,3,3,4,3,3,3,4,2,2,9,9,2.5247640912456704
10/30/2024 22:35:01,3,0,3,8.5,4,2,3,3,3,3,3,3,4,3,1,9,9,2.661665137579941
10/30/2024 22:35:13,3,1,1,4.5,1,4,0,3,2,2,2,3,3,2,3,0,2,1.7782741207701038
10/30/2024 22:35:28,3,0,4,7.5,3,2,4,3,3,3,4,4,3,3,2,12,16,2.4906176136345475
10/30/2024 22:35:50,3,0,3,7.5,4,3,3,3,3,3,3,3,3,2,3,9,9,2.049586891275378
10/30/2024 22:35:52,3,0,2,8.5,4,2,4,4,3,3,2,3,3,2,1,12,4,2.3560766564173563
10/30/2024 22:36:11,3,0,3,7.5,3,1,3,2,3,3,3,3,4,2,1,9,9,2.5855473077784588
10/30/2024 22:36:23,3,1,1,4.5,0,5,0,2,3,2,2,2,1,2,3,0,2,1.515176467470322
10/30/2024 22:36:42,2,0,3,7.5,3,2,3,3,3,3,3,3,3,2,2,9,9,2.2327212247446884
10/30/2024 22:37:14,3,0,3,7.5,3,3,3,3,3,3,3,3,3,2,3,9,9,2.049586891275378
10/30/2024 22:37:31,3,0,3,7.5,3,2,4,4,3,3,3,3,3,2,1,12,9,2.4304901529362364
10/30/2024 22:38:05,3,0,3,8.5,4,2,3,3,3,4,4,4,3,2,2,12,12,2.5161105669997177
10/30/2024 22:38:15,3,0,4,7.5,3,3,3,3,3,3,3,3,3,2,3,9,12,2.255291247309493
10/30/2024 22:39:09,4,0,4,7.5,3,2,3,4,3,3,3,3,3,2,1,9,12,2.430890478908331
10/30/2024 22:39:35,3,0,3,8.5,4,2,3,3,3,4,4,3,3,3,2,12,12,2.5161105669997177
10/30/2024 22:39:56,4,1,3,7.5,3,4,4,3,4,3,4,3,3,3,1,12,12,2.502369072934005
10/30/2024 22:40:46,3,0,3,7.5,4,1,3,3,3,3,3,3,3,2,1,9,9,2.2294183656526547
10/30/2024 22:41:11,4,0,3,7.5,3,2,2,3,3,3,3,3,3,3,2,6,9,2.1844656385890513
10/30/2024 22:41:26,4,0,4,7.5,4,2,3,3,3,3,3,3,3,3,1,9,12,2.430890478908331
10/30/2024 22:42:30,4,0,3,8.5,4,2,3,2,1,3,2,3,1,2,1,9,6,2.094284687243499
10/30/2024 22:43:09,3,0,3,8.5,3,3,3,3,3,3,3,3,3,2,3,9,9,2.061809255650536
10/30/2024 22:44:32,3,0,3,7.5,3,3,3,3,3,3,3,3,3,2,3,9,9,2.049586891275378
10/30/2024 22:45:00,3,0,3,7.5,3,4,3,3,3,3,3,3,3,2,2,9,9,2.2181773301058554
10/30/2024 22:45:28,3,0,3,7.5,3,4,3,3,3,3,3,3,3,2,2,9,9,2.2181773301058554
10/30/2024 22:45:55,3,0,3,7.5,3,3,3,3,3,3,3,3,3,2,2,9,9,2.2140275577160917
10/31/2024 0:54:24,3,0,2,8.5,3,1,2,3,4,3,3,3,3,2,2,6,6,2.1774452500851122
11/4/2024 21:11:49,4,0,3,7.5,3,1,2,4,3,3,3,3,3,2,2,6,9,2.2420741048461914
11/4/2024 21:59:32,3,0,3,8.5,4,2,3,4,4,3,3,3,3,2,2,9,9,2.244024364908423
11/4/2024 21:59:50,3,0,4,6.5,3,2,3,3,3,3,3,4,3,2,1,9,12,2.430890478908331
11/4/2024 22:00:18,3,0,3,7.5,3,2,4,2,3,3,3,3,2,2,2,12,9,2.3292512369924294
11/4/2024 22:00:36,4,0,4,7.5,3,2,3,3,3,3,3,3,3,2,2,9,12,2.4324871678217583
11/4/2024 22:00:54,3,0,3,7.5,3,2,3,3,3,4,3,3,3,2,1,12,9,2.4304901529362364
11/4/2024 22:01:10,3,0,3,8.5,3,2,3,4,3,3,2,3,4,3,1,9,6,2.7541019452173776
11/4/2024 22:01:35,4,1,4,7.5,4,2,3,3,4,4,3,4,3,2,1,12,12,2.5107134201069807
11/4/2024 22:01:51,3,0,3,7.5,3,2,3,4,3,3,3,3,3,3,2,9,9,2.2327212247446884
11/4/2024 22:02:36,4,0,3,7.5,4,2,3,3,2,3,4,4,4,2,1,9,12,2.6092292790761262
11/4/2024 22:02:58,4,0,3,7.5,4,2,3,4,3,4,3,3,4,3,2,12,9,2.576242432234655
11/4/2024 22:03:18,3,0,3,7.5,4,2,3,3,3,3,3,3,3,2,1,9,9,2.240166217186413
11/4/2024 22:03:36,4,0,3,8.5,3,2,3,3,3,3,3,3,3,3,1,9,9,2.2534969435570433
11/4/2024 22:05:37,3,0,3,7.5,4,2,4,3,3,4,4,4,3,3,2,16,12,2.549949519525497
11/4/2024 22:05:52,4,0,3,7.5,3,2,4,3,3,4,4,4,4,2,1,16,12,2.6602501267424015
11/4/2024 22:06:23,3,0,2,7.5,3,2,3,4,4,3,3,4,4,3,1,9,6,2.709180871725891
11/6/2024 18:04:36,4,0,3,8.5,3,2,3,4,3,3,3,3,3,3,2,9,9,2.244024364908423
11/6/2024 18:04:54,4,0,3,7.5,4,2,3,2,3,3,3,3,3,3,1,9,9,2.240166217186413
11/6/2024 18:05:13,2,0,3,8.5,3,2,3,4,3,4,4,3,4,3,2,12,12,2.5788864804245604
11/6/2024 18:05:33,4,0,4,7.5,4,1,4,3,4,4,3,4,3,2,2,16,12,2.5383178212261632
11/6/2024 18:05:52,3,1,4,7.5,3,1,3,4,4,3,3,4,4,2,3,9,12,2.3451545718060176
11/6/2024 18:06:13,4,0,4,8.5,4,1,3,3,3,3,4,4,4,2,2,9,16,2.4417220256891197
11/6/2024 18:06:40,3,0,3,7.5,4,2,4,3,3,3,4,3,4,2,2,12,12,2.5619529177258022
11/6/2024 18:07:06,4,0,3,7.5,3,2,3,4,3,4,4,4,3,3,1,12,12,2.5107134201069807
11/6/2024 18:07:25,3,0,4,6.5,3,1,3,3,4,4,3,3,3,3,1,12,12,2.531283988129776
11/6/2024 18:08:01,4,0,4,8.5,3,1,3,3,4,4,3,4,4,2,3,12,12,2.46339576485604
11/6/2024 18:08:18,4,0,4,7.5,3,2,3,4,4,4,4,4,3,3,1,12,16,2.5281376535407354
11/6/2024 18:08:40,3,0,3,8.5,4,1,3,3,4,3,3,4,3,2,2,9,9,2.2376212103443613
11/6/2024 18:09:04,4,1,4,7.5,3,1,2,2,3,4,4,3,3,2,2,8,16,2.4434831092107725
11/6/2024 18:09:25,4,0,4,7.5,3,1,3,3,3,3,4,3,3,2,2,9,16,2.436367695790014
11/6/2024 18:09:48,3,0,3,8.5,3,2,2,4,4,4,4,3,3,3,2,8,12,2.4272670216791568
11/6/2024 18:10:07,3,0,3,7.5,3,2,3,3,3,3,3,3,3,2,3,9,9,2.063349748630181
11/6/2024 18:10:27,4,0,4,8.5,3,1,3,3,3,3,3,4,3,2,2,9,12,2.441606787393699
11/6/2024 18:12:05,4,0,3,8.5,4,1,3,3,3,3,3,4,3,2,1,9,9,2.2427490920232858
11/6/2024 18:12:27,3,0,3,7.5,3,1,4,4,4,3,4,3,4,3,2,12,12,2.434161201684942
11/6/2024 18:47:54,4,0,3,8.5,4,2,4,4,3,4,4,3,3,2,1,16,12,2.608416510323601
11/6/2024 18:48:12,3,1,2,8.5,4,1,3,3,2,3,4,3,4,3,1,9,8,2.743207465008228
11/6/2024 18:48:41,4,0,3,8.5,4,1,3,3,3,4,3,3,4,2,2,12,9,2.443794062102752
11/6/2024 18:49:01,3,0,4,8.5,3,1,4,3,3,3,3,4,3,2,2,12,12,2.5157140580375685
11/6/2024 18:49:21,3,1,4,7.5,4,1,3,4,3,3,4,4,3,2,2,9,16,2.436367695790014
11/6/2024 18:49:39,3,0,4,7.5,4,2,4,3,3,3,3,4,3,2,1,12,12,2.5107134201069807
11/6/2024 18:50:07,4,0,4,7.5,3,2,3,3,3,3,4,3,4,2,3,9,16,2.5070179834275845
11/6/2024 18:50:24,4,0,4,7.5,4,1,4,3,3,4,3,3,3,2,1,16,12,2.555489477875567
11/6/2024 18:50:50,4,0,4,7.5,3,2,4,4,4,3,3,3,3,3,1,12,12,2.5107134201069807
11/6/2024 18:51:18,3,1,4,7.5,3,1,4,3,3,3,3,3,4,3,1,12,12,2.645694773438257
11/6/2024 18:51:43,3,0,3,7.5,3,1,4,4,3,3,4,2,4,3,2,12,12,2.434161201684942
11/6/2024 18:52:04,3,0,4,7.5,3,1,4,3,4,4,4,3,4,2,2,16,16,2.5803757685873183
11/6/2024 18:52:25,4,0,4,8.5,3,1,3,4,3,3,3,3,3,2,1,9,12,2.442996018020501
11/6/2024 18:52:47,4,0,4,7.5,4,1,4,3,3,4,3,3,4,2,2,16,12,2.5390420790403625
11/6/2024 18:53:15,4,0,3,8.5,4,1,4,3,3,4,3,4,4,2,1,16,9,2.785912675708171
11/6/2024 18:53:32,4,0,4,7.5,4,1,3,4,4,3,4,4,4,3,1,9,16,2.651233625367853
11/6/2024 18:53:52,3,1,4,7.5,3,1,4,4,4,3,4,4,4,3,2,12,16,2.473216539022658
11/6/2024 18:54:16,4,1,3,7.5,4,2,3,3,3,3,3,4,4,3,3,9,9,2.508359847026533
11/6/2024 18:54:41,4,0,4,8.5,3,1,4,4,4,3,3,3,4,3,2,12,12,2.467261013082991
11/6/2024 18:59:30,4,0,4,8.5,3,1,3,3,4,4,4,4,3,2,2,12,16,2.516643626241022
11/6/2024 18:59:47,4,0,4,7.5,4,1,2,3,3,4,3,4,3,3,2,8,12,2.443510034683848
11/6/2024 19:00:20,3,0,3,7.5,3,2,4,3,4,4,3,3,4,3,1,16,9,2.6818497435607873
11/6/2024 19:00:42,3,1,3,7.5,4,1,4,4,3,3,4,4,4,3,2,12,12,2.434161201684942
11/6/2024 19:01:07,4,0,4,8.5,4,2,3,3,2,3,3,3,4,3,1,9,12,2.7108952699860707
11/6/2024 19:01:29,4,0,3,7.5,4,1,2,4,3,3,4,3,3,3,2,6,12,2.330128188813491
11/6/2024 19:01:58,4,0,3,7.5,4,2,3,3,3,4,4,4,4,3,1,12,12,2.640122966644418
11/6/2024 19:02:21,4,0,3,7.5,3,1,3,3,4,4,3,3,3,3,1,12,9,2.4291835435444127
11/6/2024 19:02:40,4,0,3,8.5,4,1,4,3,3,3,4,3,3,3,1,12,12,2.579406340162039
11/6/2024 19:03:03,4,0,4,7.5,3,2,4,3,3,4,4,2,4,3,1,16,16,2.733199593750644
11/6/2024 19:03:37,4,0,3,7.5,3,1,3,4,4,3,4,3,3,3,1,9,12,2.4357562656829956
11/6/2024 19:03:57,4,0,4,7.5,3,2,4,3,4,4,4,4,4,2,1,16,16,2.733199593750644
11/6/2024 19:04:16,3,0,4,8.5,3,1,4,4,4,3,3,4,3,2,2,12,12,2.5157140580375685
11/6/2024 19:04:36,3,0,3,7.5,3,2,3,4,4,4,4,4,4,2,1,12,12,2.640122966644418
11/6/2024 19:04:54,4,0,4,7.5,4,2,4,3,4,3,4,4,4,3,2,12,16,2.592022270466588
11/6/2024 19:05:10,3,0,4,7.5,3,2,4,3,4,4,3,4,4,3,2,16,12,2.6330930171547693
11/6/2024 19:05:29,3,0,3,8.5,4,1,3,3,3,4,4,4,3,3,1,12,12,2.579406340162039
11/6/2024 19:05:49,4,0,4,7.5,3,1,4,3,3,3,3,3,3,3,2,12,12,2.4928949066013404
11/6/2024 19:07:59,4,0,4,8.5,4,2,3,3,3,3,4,4,3,2,1,9,16,2.4363431709736836
11/6/2024 19:08:21,4,0,3,7.5,4,1,3,3,3,3,4,4,4,2,1,9,12,2.5759135574302645
11/6/2024 19:08:45,4,0,3,8.5,3,2,3,3,4,4,3,3,4,2,1,12,9,2.6905315527049214
11/6/2024 19:09:18,3,0,3,8.5,4,2,4,3,3,2,4,4,4,3,2,8,12,2.4800248188328116
11/6/2024 19:09:42,3,0,4,7.5,2,1,2,3,3,3,3,3,3,2,1,6,12,2.3249320703535328
11/6/2024 19:10:00,4,0,4,7.5,4,1,3,3,3,4,4,3,3,3,2,12,16,2.496267809907404
11/6/2024 19:10:35,4,0,4,8.5,4,2,3,3,3,3,4,4,2,3,2,9,16,2.419836411815011
11/6/2024 19:10:52,3,0,4,8.5,4,1,4,3,3,3,4,3,4,3,3,12,16,2.507261674876821
11/6/2024 19:11:25,4,0,3,8.5,3,2,3,4,3,4,4,4,4,3,1,12,12,2.7367973000784382
11/6/2024 19:12:31,4,0,4,8.5,3,1,4,3,4,4,3,3,4,3,1,16,12,2.8319946463905956
11/6/2024 19:14:33,4,0,4,7.5,4,3,3,3,3,4,4,4,4,2,2,12,16,2.629384238315317
11/6/2024 19:15:41,3,0,4,8.5,3,2,3,3,3,4,3,4,3,3,1,12,12,2.558241190248389
12/10/2024 23:20:54,2,1,3,8.5,4,1,4,3,3,4,2,4,3,2,2,16,6,2.3608864469511355
12/10/2024 23:21:21,3,0,4,7.5,3,2,3,4,3,4,3,3,3,3,1,12,12,2.5107134201069807
12/10/2024 23:21:39,2,1,4,8.5,3,1,3,3,4,4,3,3,4,3,1,12,12,2.7468491834704873
12/10/2024 23:21:55,4,1,3,7.5,3,1,2,3,3,3,4,3,3,3,2,6,12,2.330128188813491
12/10/2024 23:22:18,3,0,4,7.5,3,2,3,4,3,3,3,4,3,3,2,9,12,2.4324871678217583
12/10/2024 23:22:37,3,0,4,7.5,3,2,4,3,3,3,4,3,4,2,2,12,16,2.592022270466588
12/10/2024 23:22:54,3,0,3,7.5,4,1,4,4,4,3,3,3,4,3,1,12,9,2.6583638739485242
12/10/2024 23:23:33,4,0,3,8.5,4,1,3,4,3,4,4,4,4,2,2,12,12,2.467261013082991
12/10/2024 23:24:19,4,0,4,8.5,3,2,2,3,4,4,3,3,4,2,2,8,12,2.4800248188328116
12/10/2024 23:24:37,3,0,4,7.5,3,3,3,3,4,3,3,4,3,3,2,9,12,2.3722143476928443
12/10/2024 23:24:55,4,0,3,7.5,4,2,3,3,3,4,4,3,4,3,1,12,12,2.640122966644418
12/10/2024 23:25:23,4,0,4,7.5,3,2,4,3,4,3,3,4,3,2,2,12,12,2.4884933491669594
12/10/2024 23:25:40,4,0,4,8.5,3,2,4,3,3,3,3,3,3,3,1,12,12,2.558241190248389
12/10/2024 23:25:55,3,0,3,7.5,3,1,2,3,3,4,3,3,3,2,1,8,9,2.258776651725839
12/10/2024 23:26:18,3,0,4,7.5,4,2,3,3,4,3,4,4,4,3,3,9,16,2.5070179834275845
12/10/2024 23:26:56,3,0,4,8.5,3,3,3,4,3,4,4,3,4,3,2,12,16,2.64345644094718
12/10/2024 23:27:23,3,0,4,7.5,3,1,4,3,3,4,3,4,3,3,2,16,12,2.5383178212261632
12/10/2024 23:27:42,3,0,3,8.5,3,2,3,4,2,3,3,3,4,3,1,9,9,2.661665137579941
12/10/2024 23:27:59,3,0,4,7.5,3,2,3,4,4,2,3,3,3,2,3,6,12,2.0929224822715637
12/10/2024 23:28:16,3,1,3,7.5,3,1,4,3,3,3,3,2,3,2,1,12,9,2.4291835435444127
12/10/2024 23:28:34,4,0,4,7.5,3,1,3,3,3,3,2,4,3,2,2,9,8,2.176639477143336
12/10/2024 23:28:52,4,0,3,7.5,3,1,4,4,3,4,4,3,4,3,1,16,12,2.675842667546421
12/10/2024 23:29:10,4,0,3,7.5,3,1,3,3,2,2,3,3,4,3,2,6,9,2.394411312432956
12/10/2024 23:29:25,3,0,4,7.5,4,2,3,2,4,3,4,3,4,3,1,9,16,2.669954858398118
12/10/2024 23:29:43,3,0,3,7.5,4,4,4,4,4,4,4,4,3,2,2,16,12,2.539347958686584
12/10/2024 23:30:03,3,0,4,8.5,4,2,2,4,3,3,4,3,3,3,2,6,16,2.280849597321687
12/10/2024 23:30:19,4,0,3,7.5,3,1,4,3,2,3,3,4,4,2,2,12,9,2.453544479852378
12/10/2024 23:31:09,4,0,3,7.5,3,1,3,2,3,2,3,2,2,2,1,6,9,2.1554306181872165
12/10/2024 23:31:44,3,0,3,7.5,4,2,3,2,2,3,3,3,3,3,2,9,9,2.2327212247446884
12/10/2024 23:32:17,4,1,2,8.5,4,1,3,3,3,3,3,3,3,2,1,9,6,2.208362062538684
12/10/2024 23:32:57,4,0,3,7.5,3,4,4,3,3,3,2,3,3,3,2,12,6,2.2671670802793793
12/10/2024 23:33:35,2,0,3,7.5,3,1,3,3,3,3,4,3,3,3,2,9,12,2.43639462126309
12/10/2024 23:36:59,4,0,4,8.5,4,1,3,3,3,4,4,3,4,3,1,12,16,2.8309893238075303
12/10/2024 23:37:16,3,0,3,7.5,4,2,4,3,3,3,4,3,4,2,1,12,12,2.640122966644418
12/10/2024 23:37:32,4,0,4,8.5,3,1,3,4,3,4,4,3,3,3,2,12,16,2.516643626241022
12/11/2024 22:32:40,4,0,3,7.5,4,2,3,4,4,4,4,4,4,2,1,12,12,2.640122966644418
12/11/2024 22:32:58,3,0,3,8.5,4,1,4,3,3,4,4,3,4,2,1,16,12,2.8319946463905956
12/11/2024 22:33:16,4,0,3,8.5,4,1,3,4,3,3,3,4,4,2,1,9,9,2.640043033838195
12/11/2024 22:33:34,4,0,4,7.5,3,1,3,3,4,4,4,4,3,3,1,12,16,2.549956860402006
12/11/2024 22:33:52,4,1,4,8.5,3,1,3,4,3,4,4,4,4,3,1,12,16,2.8309893238075303
12/11/2024 22:34:11,3,0,4,8.5,4,1,3,3,3,4,4,4,3,3,1,12,16,2.5922365717761036
12/11/2024 22:34:28,3,0,3,8.5,4,1,3,4,4,4,4,3,4,3,2,12,12,2.467261013082991
12/11/2024 22:34:44,4,0,4,7.5,3,1,3,4,4,3,3,4,3,3,1,9,12,2.4357562656829956
12/11/2024 22:35:01,3,0,4,8.5,4,1,4,4,3,4,4,4,4,3,1,16,16,2.9165294116988583
12/11/2024 22:35:20,4,0,4,7.5,3,2,4,4,4,4,4,3,4,3,2,16,16,2.669612437866348
12/11/2024 22:35:38,3,0,4,7.5,4,1,4,3,3,4,3,4,4,3,2,16,12,2.5390420790403625
12/11/2024 22:35:57,4,0,3,8.5,4,1,3,3,4,4,3,4,4,3,1,12,9,2.698452111654336
12/12/2024 0:01:59,4,0,4,7.5,2,1,3,4,3,3,3,3,3,2,1,9,12,2.4357562656829956
12/12/2024 0:02:18,4,0,3,7.5,4,2,3,4,4,3,4,4,3,3,1,9,12,2.430890478908331
12/12/2024 0:02:34,4,0,3,8.5,3,1,4,4,3,3,3,3,3,2,2,12,9,2.3966887107448147
12/12/2024 0:02:52,4,0,4,8.5,3,1,4,3,3,4,4,4,4,3,2,16,16,2.6909265345814593
12/12/2024 0:03:11,4,1,4,7.5,3,1,4,3,4,3,3,4,3,3,2,12,12,2.4928949066013404
12/12/2024 0:03:31,4,0,4,7.5,4,1,4,4,3,3,3,4,4,2,1,12,12,2.645694773438257
12/12/2024 0:03:47,4,0,3,8.5,4,2,4,4,4,3,4,4,4,2,2,12,12,2.5788864804245604
12/12/2024 0:04:06,2,1,3,8.5,3,1,4,4,4,4,4,4,3,3,1,16,12,2.624215532558614
12/15/2024 5:43:39,4,0,4,7.5,2,2,4,3,4,2,4,3,4,2,2,8,16,2.4657140806031648
12/15/2024 5:43:55,3,0,4,8.5,3,4,3,3,3,3,3,4,3,3,1,9,12,2.383479921515076
12/15/2024 5:44:04,3,0,2,6.5,1,3,2,1,2,2,2,3,2,2,1,4,4,1.9842547216735267
12/15/2024 5:44:10,4,1,3,8.5,4,4,2,3,3,3,4,3,4,3,2,6,12,2.5264033025454906
12/15/2024 5:44:25,2,0,1,7.5,0,2,1,1,1,1,1,1,1,2,2,1,1,1.6674119661441482
12/15/2024 5:44:26,4,0,4,7.5,3,5,4,3,3,4,3,3,4,2,1,16,12,2.6756512154946264
12/15/2024 5:44:49,3,0,2,6.5,2,2,1,3,3,3,3,4,3,2,1,3,6,2.114063587394071
12/15/2024 5:44:50,3,0,3,7.5,4,4,2,3,3,3,3,4,4,3,2,6,9,2.507566062922487
12/15/2024 5:45:07,4,1,3,7.5,3,4,3,4,3,3,3,4,4,3,2,9,9,2.6851296052720532
12/15/2024 5:45:18,2,1,3,6.5,3,3,1,3,4,4,3,4,4,2,2,4,9,2.4063811857326614
12/15/2024 5:45:24,3,1,4,8.5,4,4,3,2,4,4,3,4,4,2,2,12,12,2.6509973716899213
12/15/2024 5:45:41,4,0,3,7.5,2,4,3,3,3,3,3,3,4,3,2,9,9,2.6851296052720532
12/15/2024 5:45:42,3,0,2,6.5,2,3,1,0,1,2,3,2,2,2,1,2,6,1.9514603110010498
12/15/2024 5:45:58,3,0,4,6.5,3,4,4,3,4,3,3,2,4,3,2,12,12,2.6821235303696693
12/15/2024 5:46:03,2,1,2,6.5,2,3,2,2,2,3,2,2,2,1,1,6,4,1.9563828796178548
12/15/2024 5:46:25,3,0,2,6.5,2,3,2,2,2,2,0,1,2,3,2,4,0,2.116093861281338
12/15/2024 5:46:31,3,0,4,6.5,4,5,4,2,3,3,3,3,3,3,2,12,12,2.568422470070343
12/15/2024 5:46:49,4,0,3,7.5,4,5,4,3,3,3,3,4,4,3,2,12,9,2.634310712370965
12/15/2024 5:46:51,3,0,3,6.5,3,3,4,3,3,3,3,3,1,3,1,12,9,2.347109038669223
12/15/2024 5:47:06,3,0,3,8.5,4,2,4,4,3,3,4,4,3,3,2,12,12,2.5161105669997177
12/15/2024 5:47:11,2,0,3,8.5,2,3,1,1,4,4,1,2,3,3,1,4,3,2.139364564090423
12/15/2024 5:47:27,4,0,4,6.5,3,5,3,3,3,4,2,4,4,3,1,12,8,2.684549074897774
12/15/2024 5:47:35,3,1,2,6.5,1,4,3,2,2,3,3,3,3,2,1,9,6,2.191190927505639
12/15/2024 5:47:44,3,0,2,7.5,4,5,2,4,3,4,4,3,4,2,1,8,8,2.6190561721398105
12/15/2024 5:47:57,4,0,1,6.5,1,5,4,2,2,1,4,4,4,3,1,4,4,2.3268276819970826
12/15/2024 5:47:58,3,1,2,8.5,4,5,3,2,3,4,3,4,4,3,1,12,6,2.7036473452849292
12/15/2024 5:48:15,3,1,4,7.5,3,4,3,3,4,4,3,3,3,2,2,12,12,2.461055056215341
12/15/2024 5:48:16,4,1,2,7.5,2,3,2,2,1,2,2,3,3,2,2,4,4,2.0430850516821355
12/15/2024 5:48:31,3,0,4,6.5,3,4,3,2,3,3,3,4,4,3,1,9,12,2.6600119352421676
12/15/2024 5:48:42,2,1,2,6.5,2,2,2,1,2,2,2,2,2,2,2,4,4,2.0073316056870723
12/15/2024 5:49:04,3,0,2,4.5,2,3,4,3,3,2,3,2,2,2,2,8,6,2.0684831083141604
12/15/2024 5:49:06,4,0,4,7.5,3,5,3,4,3,3,3,3,4,2,2,9,12,2.6189519427953085
12/15/2024 5:49:21,3,0,3,8.5,3,5,3,3,3,4,4,3,4,3,2,12,12,2.6536746889309297
12/15/2024 5:49:32,3,1,3,7.5,3,3,4,2,3,1,1,1,2,2,2,4,3,2.0095733746171556
12/15/2024 5:49:38,3,0,4,7.5,4,5,2,3,3,3,3,2,4,3,1,6,12,2.502277083259677
12/15/2024 5:49:59,3,1,2,4.5,2,3,2,3,2,2,3,2,1,1,2,4,6,1.8724593124827051
12/15/2024 5:50:16,4,1,2,4.5,2,5,4,4,4,4,4,4,4,3,1,16,8,2.7163626205480096
12/15/2024 5:50:36,3,1,3,6.5,3,4,3,3,3,3,3,4,4,3,2,9,9,2.693267662617007
12/15/2024 5:50:59,3,1,2,4.5,1,2,0,0,2,2,2,3,2,1,1,0,4,1.8476463695100165
12/15/2024 5:51:24,3,1,3,7.5,3,5,3,3,4,2,3,4,4,3,1,6,9,2.4753975839866724
12/15/2024 5:51:27,1,0,2,6.5,1,4,3,2,3,3,2,2,2,3,2,9,4,1.99182542661742
12/15/2024 5:51:42,4,0,4,8.5,4,5,2,4,4,3,3,3,4,3,1,6,12,2.5842888232702097
12/15/2024 5:51:48,4,1,3,6.5,3,3,2,2,3,2,1,3,1,2,4,4,3,1.687351280629072
12/15/2024 5:52:07,3,1,3,7.5,2,5,2,2,2,2,1,2,2,3,2,4,3,1.8134321802475875
12/15/2024 5:52:31,4,0,1,7.5,2,1,2,2,2,1,2,2,1,0,2,2,2,1.6944191342835386
12/15/2024 5:52:36,4,0,3,7.5,4,5,4,4,4,4,3,4,3,3,2,16,9,2.4734246369527284
12/15/2024 5:53:05,3,1,2,6.5,3,4,2,2,3,2,2,1,1,1,1,4,4,1.6729506643522598
12/15/2024 5:53:30,3,0,2,4.5,1,4,2,2,2,2,3,1,3,3,2,4,6,1.9818340237033274
12/15/2024 5:53:39,1,1,4,8.5,3,2,3,3,3,4,3,3,4,3,2,12,12,2.5788864804245604
12/15/2024 5:53:57,4,1,2,6.5,3,5,4,4,4,2,2,3,4,3,1,8,4,2.533718044636789
12/15/2024 5:54:05,1,1,4,7.5,3,2,4,2,3,4,4,3,3,3,1,16,16,2.549958373113956
12/15/2024 5:54:16,4,1,1,6.5,2,3,2,2,2,2,2,3,2,3,1,4,2,2.1119437755963095
12/15/2024 5:54:20,3,0,3,7.5,4,5,4,4,4,4,3,4,4,3,2,16,9,2.7550946982811517
12/15/2024 5:54:45,3,0,2,4.5,1,2,3,2,1,2,2,3,2,1,2,6,4,1.9775261713110361
12/15/2024 5:54:46,4,1,4,7.5,3,5,3,3,4,3,3,4,3,3,3,9,12,2.3461116993785036
12/15/2024 5:55:11,2,1,2,7.5,2,3,2,1,2,3,3,3,4,3,2,6,6,2.5016587543392874
12/15/2024 5:55:21,3,0,3,6.5,3,4,3,2,3,4,4,4,4,3,1,12,12,2.6755142399144836
12/15/2024 5:55:32,2,0,2,6.5,1,1,0,2,1,2,1,2,0,2,2,0,2,1.7768681189667743
12/15/2024 5:55:41,4,1,3,7.5,3,5,4,4,4,3,3,3,4,3,2,12,9,2.634310712370965
12/15/2024 5:55:47,3,0,2,6.5,0,2,2,2,1,2,2,2,2,1,4,4,4,1.8022239623478182
12/15/2024 5:55:57,4,0,3,8.5,3,5,4,4,4,3,4,3,4,3,2,12,12,2.6536746889309297
12/15/2024 5:56:01,2,1,2,7.5,1,2,0,0,3,2,1,1,2,2,3,0,2,1.694372808690069
12/15/2024 5:56:27,2,0,0,6.5,1,4,4,0,2,2,2,0,1,1,1,8,0,1.8787191941618184
12/15/2024 5:56:28,2,1,3,7.5,0,1,0,0,0,0,0,0,0,0,4,0,0,1.453411063598831
12/15/2024 5:56:31,2,1,4,8.5,4,5,2,4,4,4,3,4,4,3,1,8,12,2.670257507566673
12/15/2024 5:56:47,2,1,2,4.5,0,1,2,1,1,1,4,0,2,3,1,2,8,2.1264887968324278
12/15/2024 5:56:49,3,1,4,7.5,2,5,1,4,4,4,3,4,4,3,2,4,12,2.443939691966778
12/15/2024 5:57:08,4,1,2,7.5,4,5,2,2,2,4,3,4,3,3,2,8,6,2.1569294488106614
12/15/2024 5:57:26,4,1,3,7.5,3,4,3,3,3,4,4,4,2,3,1,12,12,2.4612961394766746
12/15/2024 5:57:30,4,1,2,8.5,2,3,2,1,3,2,2,4,3,2,3,4,4,1.8772841172505303
12/15/2024 5:57:49,3,1,2,4.5,0,2,1,0,0,2,1,2,2,3,1,2,2,1.9725017512058713
12/15/2024 5:57:59,3,0,3,7.5,3,4,3,3,3,3,2,4,4,3,2,9,6,2.7571615789694324
12/15/2024 5:58:08,3,1,3,4.5,0,2,0,1,2,1,2,2,3,1,3,0,6,1.753683179030729
12/15/2024 5:58:14,3,0,3,7.5,3,4,3,3,4,4,4,3,4,3,3,12,12,2.6680521396913828
12/15/2024 5:58:24,3,0,2,6.5,1,3,1,2,1,0,1,1,3,3,2,0,2,2.115031047090273
12/15/2024 5:58:36,3,1,3,8.5,3,4,3,3,4,4,3,4,4,2,2,12,9,2.600777626792927
12/15/2024 5:58:44,2,1,3,8.5,2,2,1,0,1,0,2,1,2,2,3,0,6,1.743781806503978
12/15/2024 5:59:00,3,0,3,8.5,4,5,4,4,3,4,4,3,4,3,2,16,12,2.8426231268580437
12/15/2024 5:59:07,3,0,3,8.5,2,2,0,0,0,1,0,3,3,3,2,0,0,2.141123368608321
12/15/2024 5:59:18,4,0,3,7.5,3,4,3,3,4,4,3,4,4,3,3,12,9,2.6668477038625626
12/15/2024 5:59:25,3,1,2,6.5,1,2,0,0,2,1,2,1,1,2,3,0,4,1.541754813441994
12/15/2024 5:59:41,3,1,3,7.5,1,4,2,1,2,2,1,1,0,0,5,4,3,1.5711176005582574
12/15/2024 5:59:44,3,0,2,7.5,3,4,3,4,4,3,3,3,3,3,1,9,6,2.191190927505639
12/15/2024 6:00:06,2,1,3,4.5,1,1,2,0,1,1,1,3,2,2,4,2,3,1.6763180551169834
12/15/2024 6:00:17,4,1,3,6.5,4,4,3,3,2,2,4,3,4,3,2,6,12,2.5172649293364726
12/15/2024 6:00:21,3,0,1,8.5,3,5,3,2,2,1,0,1,2,3,1,3,0,1.8115219973902317
12/15/2024 6:00:48,2,0,1,6.5,0,4,2,2,1,2,1,2,2,1,3,4,1,1.8153840406437727
12/15/2024 6:01:10,3,1,2,4.5,0,1,0,1,0,2,2,1,1,2,3,0,4,1.5724447996884394
12/15/2024 6:01:27,3,0,3,7.5,4,4,4,3,3,3,4,3,3,2,3,12,12,2.3504999788489407
12/15/2024 6:01:28,4,1,2,4.5,1,3,2,2,1,3,3,1,2,2,4,6,6,1.7983348607268508
12/15/2024 6:01:49,4,1,1,6.5,0,2,2,1,1,0,0,1,2,3,4,0,0,1.6744485078253908
12/15/2024 6:01:53,1,0,1,6.5,2,5,0,0,1,4,0,0,2,2,5,0,0,1.614924125030484
12/15/2024 6:01:55,3,1,2,3.5,4,4,4,4,4,3,3,3,3,3,1,12,6,2.3646257581363113
12/15/2024 6:02:13,4,1,3,8.5,2,1,0,0,1,2,0,2,1,3,2,0,0,1.7406036264705573
12/15/2024 6:02:14,4,0,4,8.5,4,5,3,3,3,4,3,3,4,3,2,12,12,2.6536746889309297
12/15/2024 6:02:30,3,0,3,8.5,3,5,4,3,3,3,3,3,3,2,2,12,9,2.422548415477306
12/15/2024 6:02:47,4,1,0,4.5,2,5,3,2,2,1,1,0,0,2,2,3,0,1.6655176584558078
12/15/2024 6:02:47,4,0,3,8.5,3,5,4,3,4,3,3,4,3,3,2,12,9,2.422548415477306
12/15/2024 6:03:07,4,1,2,4.5,2,3,2,3,1,2,2,2,1,3,2,4,4,1.8247025265232657
12/15/2024 6:03:11,3,0,3,8.5,3,3,3,4,3,2,4,3,4,2,1,6,12,2.553564523262168
12/15/2024 6:03:23,3,1,3,7.5,2,4,3,2,1,3,1,1,2,2,4,9,3,1.81647387234454
12/15/2024 6:03:31,2,0,1,8.5,4,4,4,3,4,3,4,3,3,3,1,12,4,2.2979471146982173
12/15/2024 6:03:40,2,1,3,7.5,2,4,1,0,2,1,1,2,2,1,2,1,3,1.6503402331284147
12/15/2024 6:03:43,2,0,2,6.5,2,4,1,1,3,4,4,3,2,1,5,4,8,1.7399893688009893
12/15/2024 6:03:47,4,1,2,8.5,4,5,2,3,3,3,2,3,3,2,2,6,4,1.935026651295138
12/15/2024 6:04:15,2,0,0,4.5,0,2,0,0,0,1,1,0,3,3,4,0,0,1.7861408249963031
12/15/2024 6:04:16,4,1,3,4.5,1,2,2,0,0,0,0,1,1,0,4,0,0,1.4837492061399096
12/15/2024 6:04:40,2,1,3,4.5,0,1,1,0,2,0,1,2,1,2,1,0,3,1.7586609978970345
12/15/2024 6:04:49,4,0,3,8.5,4,5,3,4,4,3,3,2,4,3,3,9,9,2.586356978600271
12/15/2024 6:04:57,3,1,2,4.5,1,2,1,0,1,1,2,1,2,1,5,1,4,1.5750649911320491
12/15/2024 6:05:27,2,1,1,4.5,1,1,2,0,0,1,0,1,3,3,3,2,0,1.8812403568925251
12/15/2024 6:05:29,3,1,3,7.5,1,4,4,4,4,4,3,3,4,3,2,16,9,2.754228141842081
12/15/2024 6:05:48,2,1,2,8.5,3,3,0,0,1,1,1,3,4,1,3,0,2,2.0286931970386273
12/15/2024 6:06:05,3,1,4,8.5,3,5,3,3,3,2,3,4,4,3,1,6,12,2.5842888232702097
12/15/2024 6:06:05,3,1,1,6.5,2,3,1,2,1,0,2,3,3,3,2,0,2,2.115031047090273
12/15/2024 6:06:21,2,0,4,7.5,2,3,4,4,4,3,3,4,4,3,2,12,12,2.6007723650827277
12/15/2024 6:06:26,2,0,3,6.5,1,1,0,1,2,2,1,0,2,1,2,0,3,1.9374642894850402
12/15/2024 6:06:45,3,1,3,7.5,2,3,1,2,3,1,3,1,2,3,2,1,9,2.0018636389517495
12/15/2024 6:06:53,3,1,4,7.5,3,4,3,4,3,3,3,3,3,2,2,9,12,2.3714854360034896
12/15/2024 6:07:07,2,1,2,6.5,3,3,2,1,2,2,3,1,2,2,3,4,6,1.8065992592634443
12/15/2024 6:07:12,4,1,3,7.5,4,5,3,2,3,3,4,3,3,3,2,9,12,2.4806163034653776
12/15/2024 6:07:26,2,1,3,6.5,1,4,2,2,2,2,2,2,2,2,3,4,6,1.760175389595711
12/15/2024 6:07:30,3,1,4,8.5,3,5,2,3,3,4,3,4,3,2,1,8,12,2.442781167094639
12/15/2024 6:07:48,2,0,3,4.5,0,1,1,1,1,0,0,1,2,3,2,0,0,2.0016983786149245
12/15/2024 6:08:02,4,1,3,8.5,4,5,3,4,2,4,4,4,3,3,3,12,12,2.4515027141289014
12/15/2024 6:08:09,4,1,1,6.5,2,3,1,1,2,3,3,0,1,1,4,3,3,1.582813689799186
12/15/2024 6:08:30,3,1,0,8.5,2,3,1,1,1,0,0,3,1,2,3,0,0,1.5480700559617693
12/15/2024 11:49:05,3,1,3,8.5,3,4,1,2,4,3,2,2,4,3,4,3,6,2.226231556080813
